timestamp,temperature,humidity,gas,yolo_fire_conf,yolo_smoke_conf,alert_state
2026-06-11T15:09:49.630,0.0,0.0,0,,,2
2026-06-11T15:09:49.733,0.0,0.0,0,,,2
2026-06-11T15:09:49.839,0.0,0.0,0,,,2
2026-06-11T15:09:49.941,0.0,0.0,0,,,2
2026-06-11T15:09:50.047,0.0,0.0,0,,,2
2026-06-11T15:09:50.157,0.0,0.0,0,,,2
2026-06-11T15:09:50.261,0.0,0.0,0,,,2
2026-06-11T15:09:50.367,0.0,0.0,0,,,2
2026-06-11T15:09:50.471,0.0,0.0,0,,,2
2026-06-11T15:09:50.576,0.0,0.0,0,,,2
2026-06-11T15:09:50.680,0.0,0.0,0,,,2
2026-06-11T15:09:50.786,0.0,0.0,0,,,2
2026-06-11T15:09:50.889,0.0,0.0,0,,,2
2026-06-11T15:09:50.996,0.0,0.0,0,,,2
2026-06-11T15:09:51.101,0.0,0.0,0,,,2
2026-06-11T15:09:51.206,0.0,0.0,0,,,2
2026-06-11T15:09:51.311,0.0,0.0,0,,,2
2026-06-11T15:09:51.416,0.0,0.0,0,,,2
2026-06-11T15:09:51.520,0.0,0.0,0,,,2
2026-06-11T15:09:51.625,0.0,0.0,0,,,2
2026-06-11T15:09:51.729,0.0,0.0,0,,,2
2026-06-11T15:09:51.833,0.0,0.0,0,,,2
2026-06-11T15:09:51.937,0.0,0.0,0,,,2
2026-06-11T15:09:52.039,0.0,0.0,0,,,2
2026-06-11T15:09:52.142,0.0,0.0,0,,,2
2026-06-11T15:09:52.245,0.0,0.0,0,,,2
2026-06-11T15:09:52.370,0.0,0.0,0,,,2
2026-06-11T15:09:52.474,0.0,0.0,0,,,2
2026-06-11T15:09:52.577,0.0,0.0,0,,,2
2026-06-11T15:09:52.680,0.0,0.0,0,,,2
2026-06-11T15:09:52.785,0.0,0.0,0,,,2
2026-06-11T15:09:52.889,0.0,0.0,0,,,2
2026-06-11T15:09:53.012,0.0,0.0,0,,,2
2026-06-11T15:09:53.117,0.0,0.0,0,,,2
2026-06-11T15:09:53.221,0.0,0.0,0,,,2
2026-06-11T15:09:53.325,0.0,0.0,0,,,2
2026-06-11T15:09:53.430,0.0,0.0,0,,,2
2026-06-11T15:09:53.535,0.0,0.0,0,,,2
2026-06-11T15:09:53.641,0.0,0.0,0,,,2
2026-06-11T15:09:53.747,0.0,0.0,0,,,2
2026-06-11T15:09:53.850,0.0,0.0,0,,,2
2026-06-11T15:09:53.956,0.0,0.0,0,,,2
2026-06-11T15:09:54.061,0.0,0.0,0,,,2
2026-06-11T15:09:54.164,0.0,0.0,0,,,2
2026-06-11T15:09:54.269,0.0,0.0,0,,,2
2026-06-11T15:09:54.374,0.0,0.0,0,,,2
2026-06-11T15:09:54.479,0.0,0.0,0,,,2
2026-06-11T15:09:54.586,0.0,0.0,0,,,2
2026-06-11T15:09:54.691,0.0,0.0,0,,,2
2026-06-11T15:09:54.796,0.0,0.0,0,,,2
2026-06-11T15:09:54.901,0.0,0.0,0,,,2
2026-06-11T15:09:55.004,0.0,0.0,0,,,2
2026-06-11T15:09:55.118,0.0,0.0,0,,,2
2026-06-11T15:09:55.223,0.0,0.0,0,,,2
2026-06-11T15:09:55.328,0.0,0.0,0,,,2
2026-06-11T15:09:55.433,0.0,0.0,0,,,2
2026-06-11T15:09:55.540,0.0,0.0,0,,,2
2026-06-11T15:09:55.645,0.0,0.0,0,,,2
2026-06-11T15:09:55.749,0.0,0.0,0,,,2
2026-06-11T15:09:55.853,0.0,0.0,0,,,2
2026-06-11T15:09:55.957,0.0,0.0,0,,,2
2026-06-11T15:09:56.061,0.0,0.0,0,,,2
2026-06-11T15:09:56.164,0.0,0.0,0,,,2
2026-06-11T15:09:56.268,0.0,0.0,0,,,2
2026-06-11T15:09:56.371,0.0,0.0,0,,,2
2026-06-11T15:09:56.477,0.0,0.0,0,,,2
2026-06-11T15:09:56.581,0.0,0.0,0,,,2
2026-06-11T15:09:56.694,0.0,0.0,0,,,2
2026-06-11T15:09:56.797,0.0,0.0,0,,,2
2026-06-11T15:09:56.904,0.0,0.0,0,,,2
2026-06-11T15:09:57.011,0.0,0.0,0,,,2
2026-06-11T15:09:57.115,0.0,0.0,0,,,2
2026-06-11T15:09:57.219,0.0,0.0,0,,,2
2026-06-11T15:09:57.323,0.0,0.0,0,,,2
2026-06-11T15:09:57.430,0.0,0.0,0,,,2
2026-06-11T15:09:57.533,0.0,0.0,0,,,2
2026-06-11T15:09:57.637,0.0,0.0,0,,,2
2026-06-11T15:09:57.742,0.0,0.0,0,,,2
2026-06-11T15:09:57.848,0.0,0.0,0,,,2
2026-06-11T15:09:57.952,0.0,0.0,0,,,2
2026-06-11T15:09:58.057,0.0,0.0,0,,,2
2026-06-11T15:09:58.162,0.0,0.0,0,,,2
2026-06-11T15:09:58.267,0.0,0.0,0,,,2
2026-06-11T15:09:58.373,0.0,0.0,0,,,2
2026-06-11T15:09:58.478,0.0,0.0,0,,,2
2026-06-11T15:09:58.581,0.0,0.0,0,,,2
2026-06-11T15:09:58.686,0.0,0.0,0,,,2
2026-06-11T15:09:58.790,0.0,0.0,0,,,2
2026-06-11T15:09:58.894,0.0,0.0,0,,,2
2026-06-11T15:09:58.999,0.0,0.0,0,,,2
2026-06-11T15:09:59.104,0.0,0.0,0,,,2
2026-06-11T15:09:59.210,0.0,0.0,0,,,2
2026-06-11T15:09:59.315,0.0,0.0,0,,,2
2026-06-11T15:09:59.420,0.0,0.0,0,,,2
2026-06-11T15:09:59.525,0.0,0.0,0,,,2
2026-06-11T15:09:59.629,0.0,0.0,0,,,2
2026-06-11T15:09:59.734,0.0,0.0,0,,,2
2026-06-11T15:09:59.839,0.0,0.0,0,,,2
2026-06-11T15:09:59.943,0.0,0.0,0,,,2
2026-06-11T15:10:00.048,0.0,0.0,0,,,2
2026-06-11T15:10:00.155,0.0,0.0,0,,,2
2026-06-11T15:10:00.260,0.0,0.0,0,,,2
2026-06-11T15:10:00.366,0.0,0.0,0,,,2
2026-06-11T15:10:00.471,0.0,0.0,0,,,2
2026-06-11T15:10:00.578,0.0,0.0,0,,,2
2026-06-11T15:10:00.684,0.0,0.0,0,,,2
2026-06-11T15:10:00.788,0.0,0.0,0,,,2
2026-06-11T15:10:00.891,0.0,0.0,0,,,2
2026-06-11T15:10:00.995,0.0,0.0,0,,,2
2026-06-11T15:10:01.101,0.0,0.0,0,,,2
2026-06-11T15:10:01.206,0.0,0.0,0,,,2
2026-06-11T15:10:01.310,0.0,0.0,0,,,2
2026-06-11T15:10:01.416,0.0,0.0,0,,,2
2026-06-11T15:10:01.520,0.0,0.0,0,,,2
2026-06-11T15:10:01.625,0.0,0.0,0,,,2
2026-06-11T15:10:01.732,0.0,0.0,0,,,2
2026-06-11T15:10:01.836,0.0,0.0,0,,,2
2026-06-11T15:10:01.941,0.0,0.0,0,,,2
2026-06-11T15:10:02.045,0.0,0.0,0,,,2
2026-06-11T15:10:02.150,0.0,0.0,0,,,2
2026-06-11T15:10:02.254,0.0,0.0,0,,,2
2026-06-11T15:10:02.360,0.0,0.0,0,,,2
2026-06-11T15:10:02.463,0.0,0.0,0,,,2
2026-06-11T15:10:02.566,0.0,0.0,0,,,2
2026-06-11T15:10:02.669,0.0,0.0,0,,,2
2026-06-11T15:10:02.775,0.0,0.0,0,,,2
2026-06-11T15:10:02.881,0.0,0.0,0,,,2
2026-06-11T15:10:02.987,0.0,0.0,0,,,2
2026-06-11T15:10:03.093,0.0,0.0,0,,,2
2026-06-11T15:10:03.198,0.0,0.0,0,,,2
2026-06-11T15:10:03.302,0.0,0.0,0,,,2
2026-06-11T15:10:03.407,0.0,0.0,0,,,2
2026-06-11T15:10:03.511,0.0,0.0,0,,,2
2026-06-11T15:10:03.616,0.0,0.0,0,,,2
2026-06-11T15:10:03.723,0.0,0.0,0,,,2
2026-06-11T15:10:03.827,0.0,0.0,0,,,2
2026-06-11T15:10:03.932,0.0,0.0,0,,,2
2026-06-11T15:10:04.036,0.0,0.0,0,,,2
2026-06-11T15:10:04.142,0.0,0.0,0,,,2
2026-06-11T15:10:04.245,0.0,0.0,0,,,2
2026-06-11T15:10:04.350,0.0,0.0,0,,,2
2026-06-11T15:10:04.454,0.0,0.0,0,,,2
2026-06-11T15:10:04.560,0.0,0.0,0,,,2
2026-06-11T15:10:04.665,0.0,0.0,0,,,2
2026-06-11T15:10:04.770,0.0,0.0,0,,,2
2026-06-11T15:10:04.876,0.0,0.0,0,,,2
2026-06-11T15:10:04.981,0.0,0.0,0,,,2
2026-06-11T15:10:05.084,0.0,0.0,0,,,2
2026-06-11T15:10:05.187,0.0,0.0,0,,,2
2026-06-11T15:10:05.293,0.0,0.0,0,,,2
2026-06-11T15:10:05.398,0.0,0.0,0,,,2
2026-06-11T15:10:05.503,0.0,0.0,0,,,2
2026-06-11T15:10:05.607,0.0,0.0,0,,,2
2026-06-11T15:10:05.710,0.0,0.0,0,,,2
2026-06-11T15:10:05.816,0.0,0.0,0,,,2
2026-06-11T15:10:05.920,0.0,0.0,0,,,2
2026-06-11T15:10:06.024,0.0,0.0,0,,,2
2026-06-11T15:10:06.130,0.0,0.0,0,,,2
2026-06-11T15:10:06.235,0.0,0.0,0,,,2
2026-06-11T15:10:06.338,0.0,0.0,0,,,2
2026-06-11T15:10:06.443,0.0,0.0,0,,,2
2026-06-11T15:10:06.549,0.0,0.0,0,,,2
2026-06-11T15:10:06.654,0.0,0.0,0,,,2
2026-06-11T15:10:06.759,0.0,0.0,0,,,2
2026-06-11T15:10:06.865,0.0,0.0,0,,,2
2026-06-11T15:10:06.970,0.0,0.0,0,,,2
2026-06-11T15:10:07.075,0.0,0.0,0,,,2
2026-06-11T15:10:07.180,0.0,0.0,0,,,2
2026-06-11T15:10:07.283,0.0,0.0,0,,,2
2026-06-11T15:10:07.388,0.0,0.0,0,,,2
2026-06-11T15:10:07.494,0.0,0.0,0,,,2
2026-06-11T15:10:07.598,0.0,0.0,0,,,2
2026-06-11T15:10:07.705,0.0,0.0,0,,,2
2026-06-11T15:10:07.809,0.0,0.0,0,,,2
2026-06-11T15:10:07.914,0.0,0.0,0,,,2
2026-06-11T15:10:08.019,0.0,0.0,0,,,2
2026-06-11T15:10:08.124,0.0,0.0,0,,,2
2026-06-11T15:10:08.229,0.0,0.0,0,,,2
2026-06-11T15:10:08.334,0.0,0.0,0,,,2
2026-06-11T15:10:08.440,0.0,0.0,0,,,2
2026-06-11T15:10:08.545,0.0,0.0,0,,,2
2026-06-11T15:10:08.650,0.0,0.0,0,,,2
2026-06-11T15:10:08.756,0.0,0.0,0,,,2
2026-06-11T15:10:08.860,0.0,0.0,0,,,2
2026-06-11T15:10:08.965,0.0,0.0,0,,,2
2026-06-11T15:10:09.070,0.0,0.0,0,,,2
2026-06-11T15:10:09.175,0.0,0.0,0,,,2
2026-06-11T15:10:09.281,0.0,0.0,0,,,2
2026-06-11T15:10:09.384,0.0,0.0,0,,,2
2026-06-11T15:10:09.488,0.0,0.0,0,,,2
2026-06-11T15:10:09.593,0.0,0.0,0,,,2
2026-06-11T15:10:09.698,0.0,0.0,0,,,2
2026-06-11T15:10:09.804,0.0,0.0,0,,,2
2026-06-11T15:10:09.908,0.0,0.0,0,,,2
2026-06-11T15:10:10.012,0.0,0.0,0,,,2
2026-06-11T15:10:10.117,0.0,0.0,0,,,2
2026-06-11T15:10:10.221,0.0,0.0,0,,,2
2026-06-11T15:10:10.327,0.0,0.0,0,,,2
2026-06-11T15:10:10.432,0.0,0.0,0,,,2
2026-06-11T15:10:10.537,0.0,0.0,0,,,2
2026-06-11T15:10:10.641,0.0,0.0,0,,,2
2026-06-11T15:10:10.752,0.0,0.0,0,,,2
2026-06-11T15:10:10.858,0.0,0.0,0,,,2
2026-06-11T15:10:10.962,0.0,0.0,0,,,2
2026-06-11T15:10:11.067,0.0,0.0,0,,,2
2026-06-11T15:10:11.172,0.0,0.0,0,,,2
2026-06-11T15:10:11.275,0.0,0.0,0,,,2
2026-06-11T15:10:11.384,0.0,0.0,0,,,2
2026-06-11T15:10:11.489,0.0,0.0,0,,,2
2026-06-11T15:10:11.594,0.0,0.0,0,,,2
2026-06-11T15:10:11.697,0.0,0.0,0,,,2
2026-06-11T15:10:11.802,0.0,0.0,0,,,2
2026-06-11T15:10:11.906,0.0,0.0,0,,,2
2026-06-11T15:10:12.011,0.0,0.0,0,,,2
2026-06-11T15:10:12.115,0.0,0.0,0,,,2
2026-06-11T15:10:12.220,0.0,0.0,0,,,2
2026-06-11T15:10:12.323,0.0,0.0,0,,,2
2026-06-11T15:10:12.427,0.0,0.0,0,,,2
2026-06-11T15:10:12.534,0.0,0.0,0,,,2
2026-06-11T15:10:12.638,0.0,0.0,0,,,2
2026-06-11T15:10:12.743,0.0,0.0,0,,,2
2026-06-11T15:10:12.851,0.0,0.0,0,,,2
2026-06-11T15:10:12.956,0.0,0.0,0,,,2
2026-06-11T15:10:13.060,0.0,0.0,0,,,2
2026-06-11T15:10:13.164,0.0,0.0,0,,,2
2026-06-11T15:10:13.269,0.0,0.0,0,,,2
2026-06-11T15:10:13.374,0.0,0.0,0,,,2
2026-06-11T15:10:13.478,0.0,0.0,0,,,2
2026-06-11T15:10:13.583,0.0,0.0,0,,,2
2026-06-11T15:10:13.689,0.0,0.0,0,,,2
2026-06-11T15:10:13.795,0.0,0.0,0,,,2
2026-06-11T15:10:13.900,0.0,0.0,0,,,2
2026-06-11T15:10:14.004,0.0,0.0,0,,,2
2026-06-11T15:10:14.108,0.0,0.0,0,,,2
2026-06-11T15:10:14.213,0.0,0.0,0,,,2
2026-06-11T15:10:14.318,0.0,0.0,0,,,2
2026-06-11T15:10:14.422,0.0,0.0,0,,,2
2026-06-11T15:10:14.528,0.0,0.0,0,,,2
2026-06-11T15:10:14.633,0.0,0.0,0,,,2
2026-06-11T15:10:14.736,0.0,0.0,0,,,2
2026-06-11T15:10:14.842,0.0,0.0,0,,,2
2026-06-11T15:10:14.945,0.0,0.0,0,,,2
2026-06-11T15:10:15.049,0.0,0.0,0,,,2
2026-06-11T15:10:15.152,0.0,0.0,0,,,2
2026-06-11T15:10:15.256,0.0,0.0,0,,,2
2026-06-11T15:10:15.361,0.0,0.0,0,,,2
2026-06-11T15:10:15.466,0.0,0.0,0,,,2
2026-06-11T15:10:15.571,0.0,0.0,0,,,2
2026-06-11T15:10:15.677,0.0,0.0,0,,,2
2026-06-11T15:10:15.782,0.0,0.0,0,,,2
2026-06-11T15:10:15.886,0.0,0.0,0,,,2
2026-06-11T15:10:15.991,0.0,0.0,0,,,2
2026-06-11T15:10:16.097,0.0,0.0,0,,,2
2026-06-11T15:10:16.202,0.0,0.0,0,,,2
2026-06-11T15:10:16.306,0.0,0.0,0,,,2
2026-06-11T15:10:16.411,0.0,0.0,0,,,2
2026-06-11T15:10:16.514,0.0,0.0,0,,,2
2026-06-11T15:10:16.619,0.0,0.0,0,,,2
2026-06-11T15:10:16.724,0.0,0.0,0,,,2
2026-06-11T15:10:16.830,0.0,0.0,0,,,2
2026-06-11T15:10:16.935,0.0,0.0,0,,,2
2026-06-11T15:10:17.039,0.0,0.0,0,,,2
2026-06-11T15:10:17.144,0.0,0.0,0,,,2
2026-06-11T15:10:17.250,0.0,0.0,0,,,2
2026-06-11T15:10:17.354,0.0,0.0,0,,,2
2026-06-11T15:10:17.466,0.0,0.0,0,,,2
2026-06-11T15:10:17.572,0.0,0.0,0,,,2
2026-06-11T15:10:17.837,0.0,0.0,0,,,2
2026-06-11T15:10:17.941,0.0,0.0,0,,,2
2026-06-11T15:10:18.046,0.0,0.0,0,,,2
2026-06-11T15:10:18.151,0.0,0.0,0,,,2
2026-06-11T15:10:18.256,0.0,0.0,0,,,2
2026-06-11T15:10:18.360,0.0,0.0,0,,,2
2026-06-11T15:10:18.465,0.0,0.0,0,,,2
2026-06-11T15:10:18.570,0.0,0.0,0,,,2
2026-06-11T15:10:18.675,0.0,0.0,0,,,2
2026-06-11T15:10:18.779,0.0,0.0,0,,,2
2026-06-11T15:10:18.884,0.0,0.0,0,,,2
2026-06-11T15:10:18.990,0.0,0.0,0,,,2
2026-06-11T15:10:19.096,0.0,0.0,0,,,2
2026-06-11T15:10:19.200,0.0,0.0,0,,,2
2026-06-11T15:10:19.305,0.0,0.0,0,,,2
2026-06-11T15:10:19.410,0.0,0.0,0,,,2
2026-06-11T15:10:19.516,0.0,0.0,0,,,2
2026-06-11T15:10:19.619,0.0,0.0,0,,,2
2026-06-11T15:10:19.725,0.0,0.0,0,,,2
2026-06-11T15:10:19.830,0.0,0.0,0,,,2
2026-06-11T15:10:19.935,0.0,0.0,0,,,2
2026-06-11T15:10:20.040,0.0,0.0,0,,,2
2026-06-11T15:10:20.145,0.0,0.0,0,,,2
2026-06-11T15:10:20.251,0.0,0.0,0,,,2
2026-06-11T15:10:20.356,0.0,0.0,0,,,2
2026-06-11T15:10:20.460,0.0,0.0,0,,,2
2026-06-11T15:10:20.565,0.0,0.0,0,,,2
2026-06-11T15:10:20.670,0.0,0.0,0,,,2
2026-06-11T15:10:20.775,0.0,0.0,0,,,2
2026-06-11T15:10:20.879,0.0,0.0,0,,,2
2026-06-11T15:10:20.986,0.0,0.0,0,,,2
2026-06-11T15:10:21.091,0.0,0.0,0,,,2
2026-06-11T15:10:21.195,0.0,0.0,0,,,2
2026-06-11T15:10:21.299,0.0,0.0,0,,,2
2026-06-11T15:10:21.404,0.0,0.0,0,,,2
2026-06-11T15:10:21.509,0.0,0.0,0,,,2
2026-06-11T15:10:21.614,0.0,0.0,0,,,2
2026-06-11T15:10:21.717,0.0,0.0,0,,,2
2026-06-11T15:10:21.821,0.0,0.0,0,,,2
2026-06-11T15:10:21.927,0.0,0.0,0,,,2
2026-06-11T15:10:22.032,0.0,0.0,0,,,2
2026-06-11T15:10:22.136,0.0,0.0,0,,,2
2026-06-11T15:10:22.241,0.0,0.0,0,,,2
2026-06-11T15:10:22.346,0.0,0.0,0,,,2
2026-06-11T15:10:22.452,0.0,0.0,0,,,2
2026-06-11T15:10:22.556,0.0,0.0,0,,,2
2026-06-11T15:10:22.662,0.0,0.0,0,,,2
2026-06-11T15:10:22.767,0.0,0.0,0,,,2
2026-06-11T15:10:22.871,0.0,0.0,0,,,2
2026-06-11T15:10:22.976,0.0,0.0,0,,,2
2026-06-11T15:10:23.080,0.0,0.0,0,,,2
2026-06-11T15:10:23.183,0.0,0.0,0,,,2
2026-06-11T15:10:23.288,0.0,0.0,0,,,2
2026-06-11T15:10:23.392,0.0,0.0,0,,,2
2026-06-11T15:10:23.498,0.0,0.0,0,,,2
2026-06-11T15:10:23.603,0.0,0.0,0,,,2
2026-06-11T15:10:23.709,0.0,0.0,0,,,2
2026-06-11T15:10:23.813,0.0,0.0,0,,,2
2026-06-11T15:10:23.919,0.0,0.0,0,,,2
2026-06-11T15:10:24.024,0.0,0.0,0,,,2
2026-06-11T15:10:24.129,0.0,0.0,0,,,2
2026-06-11T15:10:24.233,0.0,0.0,0,,,2
2026-06-11T15:10:24.337,0.0,0.0,0,,,2
2026-06-11T15:10:24.441,0.0,0.0,0,,,2
2026-06-11T15:10:24.545,0.0,0.0,0,,,2
2026-06-11T15:10:24.651,0.0,0.0,0,,,2
2026-06-11T15:10:24.755,0.0,0.0,0,,,2
2026-06-11T15:10:24.860,0.0,0.0,0,,,2
2026-06-11T15:10:24.965,0.0,0.0,0,,,2
2026-06-11T15:10:25.070,0.0,0.0,0,,,2
2026-06-11T15:10:25.174,0.0,0.0,0,,,2
2026-06-11T15:10:25.279,0.0,0.0,0,,,2
2026-06-11T15:10:25.385,0.0,0.0,0,,,2
2026-06-11T15:10:25.490,0.0,0.0,0,,,2
2026-06-11T15:10:25.594,0.0,0.0,0,,,2
2026-06-11T15:10:25.699,0.0,0.0,0,,,2
2026-06-11T15:10:25.804,0.0,0.0,0,,,2
2026-06-11T15:10:25.909,0.0,0.0,0,,,2
2026-06-11T15:10:26.015,0.0,0.0,0,,,2
2026-06-11T15:10:26.120,0.0,0.0,0,,,2
2026-06-11T15:10:26.224,0.0,0.0,0,,,2
2026-06-11T15:10:26.331,0.0,0.0,0,,,2
2026-06-11T15:10:26.435,0.0,0.0,0,,,2
2026-06-11T15:10:26.540,0.0,0.0,0,,,2
2026-06-11T15:10:26.645,0.0,0.0,0,,,2
2026-06-11T15:10:26.750,0.0,0.0,0,,,2
2026-06-11T15:10:26.854,0.0,0.0,0,,,2
2026-06-11T15:10:26.959,0.0,0.0,0,,,2
2026-06-11T15:10:27.064,0.0,0.0,0,,,2
2026-06-11T15:10:27.169,0.0,0.0,0,,,2
2026-06-11T15:10:27.275,0.0,0.0,0,,,2
2026-06-11T15:10:27.381,0.0,0.0,0,,,2
2026-06-11T15:10:27.485,0.0,0.0,0,,,2
2026-06-11T15:10:27.591,0.0,0.0,0,,,2
2026-06-11T15:10:27.696,0.0,0.0,0,,,2
2026-06-11T15:10:27.802,0.0,0.0,0,,,2
2026-06-11T15:10:27.907,0.0,0.0,0,,,2
2026-06-11T15:10:28.013,0.0,0.0,0,,,2
2026-06-11T15:10:28.119,0.0,0.0,0,,,2
2026-06-11T15:10:28.224,0.0,0.0,0,,,2
2026-06-11T15:10:28.330,0.0,0.0,0,,,2
2026-06-11T15:10:28.434,0.0,0.0,0,,,2
2026-06-11T15:10:28.540,0.0,0.0,0,,,2
2026-06-11T15:10:28.645,0.0,0.0,0,,,2
2026-06-11T15:10:28.750,0.0,0.0,0,,,2
2026-06-11T15:10:28.854,0.0,0.0,0,,,2
2026-06-11T15:10:28.960,0.0,0.0,0,,,2
2026-06-11T15:10:29.063,0.0,0.0,0,,,2
2026-06-11T15:10:29.165,0.0,0.0,0,,,2
2026-06-11T15:10:29.271,0.0,0.0,0,,,2
2026-06-11T15:10:29.375,0.0,0.0,0,,,2
2026-06-11T15:10:29.479,0.0,0.0,0,,,2
2026-06-11T15:10:29.583,0.0,0.0,0,,,2
2026-06-11T15:10:29.688,0.0,0.0,0,,,2
2026-06-11T15:10:29.792,0.0,0.0,0,,,2
2026-06-11T15:10:29.900,0.0,0.0,0,,,2
2026-06-11T15:10:30.004,0.0,0.0,0,,,2
2026-06-11T15:10:30.110,0.0,0.0,0,,,2
2026-06-11T15:10:30.214,0.0,0.0,0,,,2
2026-06-11T15:10:30.320,0.0,0.0,0,,,2
2026-06-11T15:10:30.424,0.0,0.0,0,,,2
2026-06-11T15:10:30.530,0.0,0.0,0,,,2
2026-06-11T15:10:30.634,0.0,0.0,0,,,2
2026-06-11T15:10:30.745,0.0,0.0,0,,,2
2026-06-11T15:10:30.859,0.0,0.0,0,,,2
2026-06-11T15:10:30.966,0.0,0.0,0,,,2
2026-06-11T15:10:31.083,0.0,0.0,0,,,2
2026-06-11T15:10:31.197,0.0,0.0,0,,,2
2026-06-11T15:10:31.314,0.0,0.0,0,,,2
2026-06-11T15:10:31.426,0.0,0.0,0,,,2
2026-06-11T15:10:31.539,0.0,0.0,0,,,2
2026-06-11T15:10:31.648,0.0,0.0,0,,,2
2026-06-11T15:10:31.757,0.0,0.0,0,,,2
2026-06-11T15:10:31.874,0.0,0.0,0,,,2
2026-06-11T15:10:31.998,0.0,0.0,0,,,2
2026-06-11T15:10:32.105,0.0,0.0,0,,,2
2026-06-11T15:10:32.212,0.0,0.0,0,,,2
2026-06-11T15:10:32.326,0.0,0.0,0,,,2
2026-06-11T15:10:32.448,0.0,0.0,0,,,2
2026-06-11T15:10:32.563,0.0,0.0,0,,,2
2026-06-11T15:10:32.676,0.0,0.0,0,,,2
2026-06-11T15:10:32.783,0.0,0.0,0,,,2
2026-06-11T15:10:32.896,0.0,0.0,0,,,2
2026-06-11T15:10:33.011,0.0,0.0,0,,,2
2026-06-11T15:10:33.130,0.0,0.0,0,,,2
2026-06-11T15:10:33.246,0.0,0.0,0,,,2
2026-06-11T15:10:33.354,0.0,0.0,0,,,2
2026-06-11T15:10:33.461,0.0,0.0,0,,,2
2026-06-11T15:10:33.577,0.0,0.0,0,,,2
2026-06-11T15:10:33.692,0.0,0.0,0,,,2
2026-06-11T15:10:33.810,0.0,0.0,0,,,2
2026-06-11T15:10:33.916,0.0,0.0,0,,,2
2026-06-11T15:10:34.027,0.0,0.0,0,,,2
2026-06-11T15:10:34.141,0.0,0.0,0,,,2
2026-06-11T15:10:34.247,0.0,0.0,0,,,2
2026-06-11T15:10:34.360,0.0,0.0,0,,,2
2026-06-11T15:10:34.480,0.0,0.0,0,,,2
2026-06-11T15:10:34.595,0.0,0.0,0,,,2
2026-06-11T15:10:34.707,0.0,0.0,0,,,2
2026-06-11T15:10:34.827,0.0,0.0,0,,,2
2026-06-11T15:10:34.949,0.0,0.0,0,,,2
2026-06-11T15:10:35.058,0.0,0.0,0,,,2
2026-06-11T15:10:35.175,0.0,0.0,0,,,2
2026-06-11T15:10:35.287,0.0,0.0,0,,,2
2026-06-11T15:10:35.398,0.0,0.0,0,,,2
2026-06-11T15:10:35.505,0.0,0.0,0,,,2
2026-06-11T15:10:35.618,0.0,0.0,0,,,2
2026-06-11T15:10:35.734,0.0,0.0,0,,,2
2026-06-11T15:10:35.840,0.0,0.0,0,,,2
2026-06-11T15:10:35.953,0.0,0.0,0,,,2
2026-06-11T15:10:36.072,0.0,0.0,0,,,2
2026-06-11T15:10:36.191,0.0,0.0,0,,,2
2026-06-11T15:10:36.307,0.0,0.0,0,,,2
2026-06-11T15:10:36.421,0.0,0.0,0,,,2
2026-06-11T15:10:36.533,0.0,0.0,0,,,2
2026-06-11T15:10:36.645,0.0,0.0,0,,,2
2026-06-11T15:10:36.759,0.0,0.0,0,,,2
2026-06-11T15:10:36.882,0.0,0.0,0,,,2
2026-06-11T15:10:36.992,0.0,0.0,0,,,2
2026-06-11T15:10:37.104,0.0,0.0,0,,,2
2026-06-11T15:10:37.216,0.0,0.0,0,,,2
2026-06-11T15:10:37.323,0.0,0.0,0,,,2
2026-06-11T15:10:37.433,0.0,0.0,0,,,2
2026-06-11T15:10:37.541,0.0,0.0,0,,,2
2026-06-11T15:10:37.658,0.0,0.0,0,,,2
2026-06-11T15:10:37.774,0.0,0.0,0,,,2
2026-06-11T15:10:37.892,0.0,0.0,0,,,2
2026-06-11T15:10:38.004,0.0,0.0,0,,,2
2026-06-11T15:10:38.121,0.0,0.0,0,,,2
2026-06-11T15:10:38.230,0.0,0.0,0,,,2
2026-06-11T15:10:38.338,0.0,0.0,0,,,2
2026-06-11T15:10:38.455,0.0,0.0,0,,,2
2026-06-11T15:10:38.567,0.0,0.0,0,,,2
2026-06-11T15:10:38.679,0.0,0.0,0,,,2
2026-06-11T15:10:38.792,0.0,0.0,0,,,2
2026-06-11T15:10:38.903,0.0,0.0,0,,,2
2026-06-11T15:10:39.022,0.0,0.0,0,,,2
2026-06-11T15:10:39.127,0.0,0.0,0,,,2
2026-06-11T15:10:39.232,0.0,0.0,0,,,2
2026-06-11T15:10:39.338,0.0,0.0,0,,,2
2026-06-11T15:10:39.444,0.0,0.0,0,,,2
2026-06-11T15:10:39.549,0.0,0.0,0,,,2
2026-06-11T15:10:39.653,0.0,0.0,0,,,2
2026-06-11T15:10:39.759,0.0,0.0,0,,,2
2026-06-11T15:10:39.864,0.0,0.0,0,,,2
2026-06-11T15:10:39.969,0.0,0.0,0,,,2
2026-06-11T15:10:40.074,0.0,0.0,0,,,2
2026-06-11T15:10:40.180,0.0,0.0,0,,,2
2026-06-11T15:10:40.283,0.0,0.0,0,,,2
2026-06-11T15:10:40.388,0.0,0.0,0,,,2
2026-06-11T15:10:40.493,0.0,0.0,0,,,2
2026-06-11T15:10:40.597,0.0,0.0,0,,,2
2026-06-11T15:10:40.702,0.0,0.0,0,,,2
2026-06-11T15:10:40.806,0.0,0.0,0,,,2
2026-06-11T15:10:40.911,0.0,0.0,0,,,2
2026-06-11T15:10:41.016,0.0,0.0,0,,,2
2026-06-11T15:10:41.124,0.0,0.0,0,,,2
2026-06-11T15:10:41.230,0.0,0.0,0,,,2
2026-06-11T15:10:41.335,0.0,0.0,0,,,2
2026-06-11T15:10:41.439,0.0,0.0,0,,,2
2026-06-11T15:10:41.546,0.0,0.0,0,,,2
2026-06-11T15:10:41.652,0.0,0.0,0,,,2
2026-06-11T15:10:41.757,0.0,0.0,0,,,2
2026-06-11T15:10:41.862,0.0,0.0,0,,,2
2026-06-11T15:10:41.968,0.0,0.0,0,,,2
2026-06-11T15:10:42.071,0.0,0.0,0,,,2
2026-06-11T15:10:42.175,0.0,0.0,0,,,2
2026-06-11T15:10:42.279,0.0,0.0,0,,,2
2026-06-11T15:10:42.383,0.0,0.0,0,,,2
2026-06-11T15:10:42.486,0.0,0.0,0,,,2
2026-06-11T15:10:42.592,0.0,0.0,0,,,2
2026-06-11T15:10:42.698,0.0,0.0,0,,,2
2026-06-11T15:10:42.800,0.0,0.0,0,,,2
2026-06-11T15:10:42.904,0.0,0.0,0,,,2
2026-06-11T15:10:43.007,0.0,0.0,0,,,2
2026-06-11T15:10:43.111,0.0,0.0,0,,,2
2026-06-11T15:10:43.216,0.0,0.0,0,,,2
2026-06-11T15:10:43.321,0.0,0.0,0,,,2
2026-06-11T15:10:43.426,0.0,0.0,0,,,2
2026-06-11T15:10:43.531,0.0,0.0,0,,,2
2026-06-11T15:10:43.635,0.0,0.0,0,,,2
2026-06-11T15:10:43.739,0.0,0.0,0,,,2
2026-06-11T15:10:43.842,0.0,0.0,0,,,2
2026-06-11T15:10:43.945,0.0,0.0,0,,,2
2026-06-11T15:10:44.048,0.0,0.0,0,,,2
2026-06-11T15:10:44.168,0.0,0.0,0,,,2
2026-06-11T15:10:44.273,0.0,0.0,0,,,2
2026-06-11T15:10:44.377,0.0,0.0,0,,,2
2026-06-11T15:10:44.479,0.0,0.0,0,,,2
2026-06-11T15:10:44.582,0.0,0.0,0,,,2
2026-06-11T15:10:44.685,0.0,0.0,0,,,2
2026-06-11T15:10:44.789,0.0,0.0,0,,,2
2026-06-11T15:10:44.892,0.0,0.0,0,,,2
2026-06-11T15:10:45.005,0.0,0.0,0,,,2
2026-06-11T15:10:45.109,0.0,0.0,0,,,2
2026-06-11T15:10:45.211,0.0,0.0,0,,,2
2026-06-11T15:10:45.314,0.0,0.0,0,,,2
2026-06-11T15:10:45.417,0.0,0.0,0,,,2
2026-06-11T15:10:45.520,0.0,0.0,0,,,2
2026-06-11T15:10:45.623,0.0,0.0,0,,,2
2026-06-11T15:10:45.726,0.0,0.0,0,,,2
2026-06-11T15:10:45.830,0.0,0.0,0,,,2
2026-06-11T15:10:45.937,0.0,0.0,0,,,2
2026-06-11T15:10:46.041,0.0,0.0,0,,,2
2026-06-11T15:10:46.192,0.0,0.0,0,,,2
2026-06-11T15:10:46.298,0.0,0.0,0,,,2
2026-06-11T15:10:46.403,0.0,0.0,0,,,2
2026-06-11T15:10:46.509,0.0,0.0,0,,,2
2026-06-11T15:10:46.614,0.0,0.0,0,,,2
2026-06-11T15:10:46.719,0.0,0.0,0,,,2
2026-06-11T15:10:46.821,0.0,0.0,0,,,2
2026-06-11T15:10:46.927,0.0,0.0,0,,,2
2026-06-11T15:10:47.034,0.0,0.0,0,,,2
2026-06-11T15:10:47.140,0.0,0.0,0,,,2
2026-06-11T15:10:47.246,0.0,0.0,0,,,2
2026-06-11T15:10:47.352,0.0,0.0,0,,,2
2026-06-11T15:10:47.457,0.0,0.0,0,,,2
2026-06-11T15:10:47.562,0.0,0.0,0,,,2
2026-06-11T15:10:47.666,0.0,0.0,0,,,2
2026-06-11T15:10:47.770,0.0,0.0,0,,,2
2026-06-11T15:10:47.884,0.0,0.0,0,,,2
2026-06-11T15:10:47.986,0.0,0.0,0,,,2
2026-06-11T15:10:48.089,0.0,0.0,0,,,2
2026-06-11T15:10:48.197,0.0,0.0,0,,,2
2026-06-11T15:10:48.303,0.0,0.0,0,,,2
2026-06-11T15:10:48.408,0.0,0.0,0,,,2
2026-06-11T15:10:48.513,0.0,0.0,0,,,2
2026-06-11T15:10:48.617,0.0,0.0,0,,,2
2026-06-11T15:10:48.760,0.0,0.0,0,,,2
2026-06-11T15:10:48.864,0.0,0.0,0,,,2
2026-06-11T15:10:48.968,0.0,0.0,0,,,2
2026-06-11T15:10:49.071,0.0,0.0,0,,,2
2026-06-11T15:10:49.175,0.0,0.0,0,,,2
2026-06-11T15:10:49.280,0.0,0.0,0,,,2
2026-06-11T15:10:49.383,0.0,0.0,0,,,2
2026-06-11T15:10:49.487,0.0,0.0,0,,,2
2026-06-11T15:10:49.591,0.0,0.0,0,,,2
2026-06-11T15:10:49.696,0.0,0.0,0,,,2
2026-06-11T15:10:49.800,0.0,0.0,0,,,2
2026-06-11T15:10:49.906,0.0,0.0,0,,,2
2026-06-11T15:10:50.008,0.0,0.0,0,,,2
2026-06-11T15:10:50.114,0.0,0.0,0,,,2
2026-06-11T15:10:50.222,0.0,0.0,0,,,2
2026-06-11T15:10:50.327,0.0,0.0,0,,,2
2026-06-11T15:10:50.433,0.0,0.0,0,,,2
2026-06-11T15:10:50.538,0.0,0.0,0,,,2
2026-06-11T15:10:50.644,0.0,0.0,0,,,2
2026-06-11T15:10:50.750,0.0,0.0,0,,,2
2026-06-11T15:10:50.856,0.0,0.0,0,,,2
2026-06-11T15:10:50.961,0.0,0.0,0,,,2
2026-06-11T15:10:51.066,0.0,0.0,0,,,2
2026-06-11T15:10:51.171,0.0,0.0,0,,,2
2026-06-11T15:10:51.276,0.0,0.0,0,,,2
2026-06-11T15:10:51.382,0.0,0.0,0,,,2
2026-06-11T15:10:51.489,0.0,0.0,0,,,2
2026-06-11T15:10:51.593,0.0,0.0,0,,,2
2026-06-11T15:10:51.698,0.0,0.0,0,,,2
2026-06-11T15:10:51.804,0.0,0.0,0,,,2
2026-06-11T15:10:51.908,0.0,0.0,0,,,2
2026-06-11T15:10:52.013,0.0,0.0,0,,,2
2026-06-11T15:10:52.118,0.0,0.0,0,,,2
2026-06-11T15:10:52.225,0.0,0.0,0,,,2
2026-06-11T15:10:52.329,0.0,0.0,0,,,2
2026-06-11T15:10:52.436,0.0,0.0,0,,,2
2026-06-11T15:10:52.542,0.0,0.0,0,,,2
2026-06-11T15:10:52.647,0.0,0.0,0,,,2
2026-06-11T15:10:52.751,0.0,0.0,0,,,2
2026-06-11T15:10:52.855,0.0,0.0,0,,,2
2026-06-11T15:10:52.959,0.0,0.0,0,,,2
2026-06-11T15:10:53.065,0.0,0.0,0,,,2
2026-06-11T15:10:53.170,0.0,0.0,0,,,2
2026-06-11T15:10:53.275,0.0,0.0,0,,,2
2026-06-11T15:10:53.379,0.0,0.0,0,,,2
2026-06-11T15:10:53.484,0.0,0.0,0,,,2
2026-06-11T15:10:53.587,0.0,0.0,0,,,2
2026-06-11T15:10:53.692,0.0,0.0,0,,,2
2026-06-11T15:10:53.808,0.0,0.0,0,,,2
2026-06-11T15:10:53.915,0.0,0.0,0,,,2
2026-06-11T15:10:54.019,0.0,0.0,0,,,2
2026-06-11T15:10:54.131,0.0,0.0,0,,,2
2026-06-11T15:10:54.236,0.0,0.0,0,,,2
2026-06-11T15:10:54.343,0.0,0.0,0,,,2
2026-06-11T15:10:54.448,0.0,0.0,0,,,2
2026-06-11T15:10:54.555,0.0,0.0,0,,,2
2026-06-11T15:10:54.660,0.0,0.0,0,,,2
2026-06-11T15:10:54.766,0.0,0.0,0,,,2
2026-06-11T15:10:54.870,0.0,0.0,0,,,2
2026-06-11T15:10:54.975,0.0,0.0,0,,,2
2026-06-11T15:10:55.080,0.0,0.0,0,,,2
2026-06-11T15:10:55.185,0.0,0.0,0,,,2
2026-06-11T15:10:55.290,0.0,0.0,0,,,2
2026-06-11T15:10:55.396,0.0,0.0,0,,,2
2026-06-11T15:10:55.501,0.0,0.0,0,,,2
2026-06-11T15:10:55.604,0.0,0.0,0,,,2
2026-06-11T15:10:55.710,0.0,0.0,0,,,2
2026-06-11T15:10:55.815,0.0,0.0,0,,,2
2026-06-11T15:10:55.919,0.0,0.0,0,,,2
2026-06-11T15:10:56.024,0.0,0.0,0,,,2
2026-06-11T15:10:56.129,0.0,0.0,0,,,2
2026-06-11T15:10:56.234,0.0,0.0,0,,,2
2026-06-11T15:10:56.340,0.0,0.0,0,,,2
2026-06-11T15:10:56.445,0.0,0.0,0,,,2
2026-06-11T15:10:56.550,0.0,0.0,0,,,2
2026-06-11T15:10:56.655,0.0,0.0,0,,,2
2026-06-11T15:10:56.758,0.0,0.0,0,,,2
2026-06-11T15:10:56.864,0.0,0.0,0,,,2
2026-06-11T15:10:56.968,0.0,0.0,0,,,2
2026-06-11T15:10:57.072,0.0,0.0,0,,,2
2026-06-11T15:10:57.179,0.0,0.0,0,,,2
2026-06-11T15:10:57.282,0.0,0.0,0,,,2
2026-06-11T15:10:57.388,0.0,0.0,0,,,2
2026-06-11T15:10:57.494,0.0,0.0,0,,,2
2026-06-11T15:10:57.600,0.0,0.0,0,,,2
2026-06-11T15:10:57.704,0.0,0.0,0,,,2
2026-06-11T15:10:57.807,0.0,0.0,0,,,2
2026-06-11T15:10:57.913,0.0,0.0,0,,,2
2026-06-11T15:10:58.017,0.0,0.0,0,,,2
2026-06-11T15:10:58.122,0.0,0.0,0,,,2
2026-06-11T15:10:58.227,0.0,0.0,0,,,2
2026-06-11T15:10:58.333,0.0,0.0,0,,,2
2026-06-11T15:10:58.439,0.0,0.0,0,,,2
2026-06-11T15:10:58.544,0.0,0.0,0,,,2
2026-06-11T15:10:58.648,0.0,0.0,0,,,2
2026-06-11T15:10:58.755,0.0,0.0,0,,,2
2026-06-11T15:10:58.862,0.0,0.0,0,,,2
2026-06-11T15:10:58.966,0.0,0.0,0,,,2
2026-06-11T15:10:59.071,0.0,0.0,0,,,2
2026-06-11T15:10:59.176,0.0,0.0,0,,,2
2026-06-11T15:10:59.281,0.0,0.0,0,,,2
2026-06-11T15:10:59.394,0.0,0.0,0,,,2
2026-06-11T15:10:59.505,0.0,0.0,0,,,2
2026-06-11T15:10:59.608,0.0,0.0,0,,,2
2026-06-11T15:10:59.714,0.0,0.0,0,,,2
2026-06-11T15:10:59.818,0.0,0.0,0,,,2
2026-06-11T15:10:59.922,0.0,0.0,0,,,2
2026-06-11T15:11:00.029,0.0,0.0,0,,,2
2026-06-11T15:11:00.134,0.0,0.0,0,,,2
2026-06-11T15:11:00.239,0.0,0.0,0,,,2
2026-06-11T15:11:00.345,0.0,0.0,0,,,2
2026-06-11T15:11:00.450,0.0,0.0,0,,,2
2026-06-11T15:11:00.555,0.0,0.0,0,,,2
2026-06-11T15:11:00.662,0.0,0.0,0,,,2
2026-06-11T15:11:00.767,0.0,0.0,0,,,2
2026-06-11T15:11:00.872,0.0,0.0,0,,,2
2026-06-11T15:11:00.976,0.0,0.0,0,,,2
2026-06-11T15:11:01.080,0.0,0.0,0,,,2
2026-06-11T15:11:01.184,0.0,0.0,0,,,2
2026-06-11T15:11:01.289,0.0,0.0,0,,,2
2026-06-11T15:11:01.393,0.0,0.0,0,,,2
2026-06-11T15:11:01.498,0.0,0.0,0,,,2
2026-06-11T15:11:01.602,0.0,0.0,0,,,2
2026-06-11T15:11:01.707,0.0,0.0,0,,,2
2026-06-11T15:11:01.812,0.0,0.0,0,,,2
2026-06-11T15:11:01.917,0.0,0.0,0,,,2
2026-06-11T15:11:02.023,0.0,0.0,0,,,2
2026-06-11T15:11:02.128,0.0,0.0,0,,,2
2026-06-11T15:11:02.234,0.0,0.0,0,,,2
2026-06-11T15:11:02.338,0.0,0.0,0,,,2
2026-06-11T15:11:02.443,0.0,0.0,0,,,2
2026-06-11T15:11:02.549,0.0,0.0,0,,,2
2026-06-11T15:11:02.655,0.0,0.0,0,,,2
2026-06-11T15:11:02.760,0.0,0.0,0,,,2
2026-06-11T15:11:02.865,0.0,0.0,0,,,2
2026-06-11T15:11:02.969,0.0,0.0,0,,,2
2026-06-11T15:11:03.074,0.0,0.0,0,,,2
2026-06-11T15:11:03.178,0.0,0.0,0,,,2
2026-06-11T15:11:03.283,0.0,0.0,0,,,2
2026-06-11T15:11:03.388,0.0,0.0,0,,,2
2026-06-11T15:11:03.493,0.0,0.0,0,,,2
2026-06-11T15:11:03.597,0.0,0.0,0,,,2
2026-06-11T15:11:03.703,0.0,0.0,0,,,2
2026-06-11T15:11:03.807,0.0,0.0,0,,,2
2026-06-11T15:11:03.913,0.0,0.0,0,,,2
2026-06-11T15:11:04.018,0.0,0.0,0,,,2
2026-06-11T15:11:04.122,0.0,0.0,0,,,2
2026-06-11T15:11:04.227,0.0,0.0,0,,,2
2026-06-11T15:11:04.332,0.0,0.0,0,,,2
2026-06-11T15:11:04.437,0.0,0.0,0,,,2
2026-06-11T15:11:04.544,0.0,0.0,0,,,2
2026-06-11T15:11:04.649,0.0,0.0,0,,,2
2026-06-11T15:11:04.755,0.0,0.0,0,,,2
2026-06-11T15:11:04.860,0.0,0.0,0,,,2
2026-06-11T15:11:04.965,0.0,0.0,0,,,2
2026-06-11T15:11:05.069,0.0,0.0,0,,,2
2026-06-11T15:11:05.174,0.0,0.0,0,,,2
2026-06-11T15:11:05.279,0.0,0.0,0,,,2
2026-06-11T15:11:05.382,0.0,0.0,0,,,2
2026-06-11T15:11:05.487,0.0,0.0,0,,,2
2026-06-11T15:11:05.590,0.0,0.0,0,,,2
2026-06-11T15:11:05.697,0.0,0.0,0,,,2
2026-06-11T15:11:05.803,0.0,0.0,0,,,2
2026-06-11T15:11:05.907,0.0,0.0,0,,,2
2026-06-11T15:11:06.012,0.0,0.0,0,,,2
2026-06-11T15:11:06.117,0.0,0.0,0,,,2
2026-06-11T15:11:06.222,0.0,0.0,0,,,2
2026-06-11T15:11:06.327,0.0,0.0,0,,,2
2026-06-11T15:11:06.432,0.0,0.0,0,,,2
2026-06-11T15:11:06.537,0.0,0.0,0,,,2
2026-06-11T15:11:06.642,0.0,0.0,0,,,2
2026-06-11T15:11:06.747,0.0,0.0,0,,,2
2026-06-11T15:11:06.852,0.0,0.0,0,,,2
2026-06-11T15:11:06.957,0.0,0.0,0,,,2
2026-06-11T15:11:07.062,0.0,0.0,0,,,2
2026-06-11T15:11:07.165,0.0,0.0,0,,,2
2026-06-11T15:11:07.270,0.0,0.0,0,,,2
2026-06-11T15:11:07.375,0.0,0.0,0,,,2
2026-06-11T15:11:07.482,0.0,0.0,0,,,2
2026-06-11T15:11:07.587,0.0,0.0,0,,,2
2026-06-11T15:11:07.692,0.0,0.0,0,,,2
2026-06-11T15:11:07.796,0.0,0.0,0,,,2
2026-06-11T15:11:07.900,0.0,0.0,0,,,2
2026-06-11T15:11:08.006,0.0,0.0,0,,,2
2026-06-11T15:11:08.110,0.0,0.0,0,,,2
2026-06-11T15:11:08.215,0.0,0.0,0,,,2
2026-06-11T15:11:08.319,0.0,0.0,0,,,2
2026-06-11T15:11:08.426,0.0,0.0,0,,,2
2026-06-11T15:11:08.531,0.0,0.0,0,,,2
2026-06-11T15:11:08.636,0.0,0.0,0,,,2
2026-06-11T15:11:08.741,0.0,0.0,0,,,2
2026-06-11T15:11:08.845,0.0,0.0,0,,,2
2026-06-11T15:11:08.950,0.0,0.0,0,,,2
2026-06-11T15:11:09.054,0.0,0.0,0,,,2
2026-06-11T15:11:09.158,0.0,0.0,0,,,2
2026-06-11T15:11:09.262,0.0,0.0,0,,,2
2026-06-11T15:11:09.368,0.0,0.0,0,,,2
2026-06-11T15:11:09.473,0.0,0.0,0,,,2
2026-06-11T15:11:09.577,0.0,0.0,0,,,2
2026-06-11T15:11:09.682,0.0,0.0,0,,,2
2026-06-11T15:11:09.787,0.0,0.0,0,,,2
2026-06-11T15:11:09.892,0.0,0.0,0,,,2
2026-06-11T15:11:09.998,0.0,0.0,0,,,2
2026-06-11T15:11:10.102,0.0,0.0,0,,,2
2026-06-11T15:11:10.207,0.0,0.0,0,,,2
2026-06-11T15:11:10.311,0.0,0.0,0,,,2
2026-06-11T15:11:10.416,0.0,0.0,0,,,2
2026-06-11T15:11:10.520,0.0,0.0,0,,,2
2026-06-11T15:11:10.626,0.0,0.0,0,,,2
2026-06-11T15:11:10.731,0.0,0.0,0,,,2
2026-06-11T15:11:10.837,0.0,0.0,0,,,2
2026-06-11T15:11:10.941,0.0,0.0,0,,,2
2026-06-11T15:11:11.045,0.0,0.0,0,,,2
2026-06-11T15:11:11.150,0.0,0.0,0,,,2
2026-06-11T15:11:11.255,0.0,0.0,0,,,2
2026-06-11T15:11:11.360,0.0,0.0,0,,,2
2026-06-11T15:11:11.465,0.0,0.0,0,,,2
2026-06-11T15:11:11.571,0.0,0.0,0,,,2
2026-06-11T15:11:11.675,0.0,0.0,0,,,2
2026-06-11T15:11:11.781,0.0,0.0,0,,,2
2026-06-11T15:11:11.886,0.0,0.0,0,,,2
2026-06-11T15:11:11.991,0.0,0.0,0,,,2
2026-06-11T15:11:12.098,0.0,0.0,0,,,2
2026-06-11T15:11:12.203,0.0,0.0,0,,,2
2026-06-11T15:11:12.308,0.0,0.0,0,,,2
2026-06-11T15:11:12.414,0.0,0.0,0,,,2
2026-06-11T15:11:12.520,0.0,0.0,0,,,2
2026-06-11T15:11:12.626,0.0,0.0,0,,,2
2026-06-11T15:11:12.731,0.0,0.0,0,,,2
2026-06-11T15:11:12.839,0.0,0.0,0,,,2
2026-06-11T15:11:12.945,0.0,0.0,0,,,2
2026-06-11T15:11:13.050,0.0,0.0,0,,,2
2026-06-11T15:11:13.153,0.0,0.0,0,,,2
2026-06-11T15:11:13.258,0.0,0.0,0,,,2
2026-06-11T15:11:13.364,0.0,0.0,0,,,2
2026-06-11T15:11:13.468,0.0,0.0,0,,,2
2026-06-11T15:11:13.572,0.0,0.0,0,,,2
2026-06-11T15:11:13.677,0.0,0.0,0,,,2
2026-06-11T15:11:13.782,0.0,0.0,0,,,2
2026-06-11T15:11:13.886,0.0,0.0,0,,,2
2026-06-11T15:11:13.994,0.0,0.0,0,,,2
2026-06-11T15:11:14.098,0.0,0.0,0,,,2
2026-06-11T15:11:14.203,0.0,0.0,0,,,2
2026-06-11T15:11:14.308,0.0,0.0,0,,,2
2026-06-11T15:11:14.413,0.0,0.0,0,,,2
2026-06-11T15:11:14.517,0.0,0.0,0,,,2
2026-06-11T15:11:14.621,0.0,0.0,0,,,2
2026-06-11T15:11:14.726,0.0,0.0,0,,,2
2026-06-11T15:11:14.831,0.0,0.0,0,,,2
2026-06-11T15:11:14.936,0.0,0.0,0,,,2
2026-06-11T15:11:15.039,0.0,0.0,0,,,2
2026-06-11T15:11:15.143,0.0,0.0,0,,,2
2026-06-11T15:11:15.248,0.0,0.0,0,,,2
2026-06-11T15:11:15.386,0.0,0.0,0,,,2
2026-06-11T15:11:15.490,0.0,0.0,0,,,2
2026-06-11T15:11:15.593,0.0,0.0,0,,,2
2026-06-11T15:11:15.696,0.0,0.0,0,,,2
2026-06-11T15:11:15.811,0.0,0.0,0,,,2
2026-06-11T15:11:15.924,0.0,0.0,0,,,2
2026-06-11T15:11:16.030,0.0,0.0,0,,,2
2026-06-11T15:11:16.134,0.0,0.0,0,,,2
2026-06-11T15:11:16.238,0.0,0.0,0,,,2
2026-06-11T15:11:16.345,0.0,0.0,0,,,2
2026-06-11T15:11:16.451,0.0,0.0,0,,,2
2026-06-11T15:11:16.553,0.0,0.0,0,,,2
2026-06-11T15:11:16.659,0.0,0.0,0,,,2
2026-06-11T15:11:16.765,0.0,0.0,0,,,2
2026-06-11T15:11:16.869,0.0,0.0,0,,,2
2026-06-11T15:11:16.973,0.0,0.0,0,,,2
2026-06-11T15:11:17.078,0.0,0.0,0,,,2
2026-06-11T15:11:17.184,0.0,0.0,0,,,2
2026-06-11T15:11:17.290,0.0,0.0,0,,,2
2026-06-11T15:11:17.395,0.0,0.0,0,,,2
2026-06-11T15:11:17.499,0.0,0.0,0,,,2
2026-06-11T15:11:17.605,0.0,0.0,0,,,2
2026-06-11T15:11:17.710,0.0,0.0,0,,,2
2026-06-11T15:11:17.817,0.0,0.0,0,,,2
2026-06-11T15:11:17.923,0.0,0.0,0,,,2
2026-06-11T15:11:18.029,0.0,0.0,0,,,2
2026-06-11T15:11:18.166,0.0,0.0,0,,,2
2026-06-11T15:11:18.270,0.0,0.0,0,,,2
2026-06-11T15:11:18.375,0.0,0.0,0,,,2
2026-06-11T15:11:18.480,0.0,0.0,0,,,2
2026-06-11T15:11:18.584,0.0,0.0,0,,,2
2026-06-11T15:11:18.690,0.0,0.0,0,,,2
2026-06-11T15:11:18.794,0.0,0.0,0,,,2
2026-06-11T15:11:18.899,0.0,0.0,0,,,2
2026-06-11T15:11:19.004,0.0,0.0,0,,,2
2026-06-11T15:11:19.111,0.0,0.0,0,,,2
2026-06-11T15:11:19.215,0.0,0.0,0,,,2
2026-06-11T15:11:19.320,0.0,0.0,0,,,2
2026-06-11T15:11:19.426,0.0,0.0,0,,,2
2026-06-11T15:11:19.531,0.0,0.0,0,,,2
2026-06-11T15:11:19.635,0.0,0.0,0,,,2
2026-06-11T15:11:19.738,0.0,0.0,0,,,2
2026-06-11T15:11:19.844,0.0,0.0,0,,,2
2026-06-11T15:11:19.950,0.0,0.0,0,,,2
2026-06-11T15:11:20.054,0.0,0.0,0,,,2
2026-06-11T15:11:20.161,0.0,0.0,0,,,2
2026-06-11T15:11:20.266,0.0,0.0,0,,,2
2026-06-11T15:11:20.372,0.0,0.0,0,,,2
2026-06-11T15:11:20.476,0.0,0.0,0,,,2
2026-06-11T15:11:20.581,0.0,0.0,0,,,2
2026-06-11T15:11:20.687,0.0,0.0,0,,,2
2026-06-11T15:11:20.792,0.0,0.0,0,,,2
2026-06-11T15:11:20.897,0.0,0.0,0,,,2
2026-06-11T15:11:21.002,0.0,0.0,0,,,2
2026-06-11T15:11:21.107,0.0,0.0,0,,,2
2026-06-11T15:11:21.210,0.0,0.0,0,,,2
2026-06-11T15:11:21.315,0.0,0.0,0,,,2
2026-06-11T15:11:21.421,0.0,0.0,0,,,2
2026-06-11T15:11:21.525,0.0,0.0,0,,,2
2026-06-11T15:11:21.629,0.0,0.0,0,,,2
2026-06-11T15:11:21.734,0.0,0.0,0,,,2
2026-06-11T15:11:21.838,0.0,0.0,0,,,2
2026-06-11T15:11:21.941,0.0,0.0,0,,,2
2026-06-11T15:11:22.046,0.0,0.0,0,,,2
2026-06-11T15:11:22.152,0.0,0.0,0,,,2
2026-06-11T15:11:22.255,0.0,0.0,0,,,2
2026-06-11T15:11:22.362,0.0,0.0,0,,,2
2026-06-11T15:11:22.466,0.0,0.0,0,,,2
2026-06-11T15:11:22.571,0.0,0.0,0,,,2
2026-06-11T15:11:22.679,0.0,0.0,0,,,2
2026-06-11T15:11:22.784,0.0,0.0,0,,,2
2026-06-11T15:11:22.888,0.0,0.0,0,,,2
2026-06-11T15:11:22.995,0.0,0.0,0,,,2
2026-06-11T15:11:23.102,0.0,0.0,0,,,2
2026-06-11T15:11:23.206,0.0,0.0,0,,,2
2026-06-11T15:11:23.311,0.0,0.0,0,,,2
2026-06-11T15:11:23.415,0.0,0.0,0,,,2
2026-06-11T15:11:23.521,0.0,0.0,0,,,2
2026-06-11T15:11:23.625,0.0,0.0,0,,,2
2026-06-11T15:11:23.730,0.0,0.0,0,,,2
2026-06-11T15:11:23.835,0.0,0.0,0,,,2
2026-06-11T15:11:23.952,0.0,0.0,0,,,2
2026-06-11T15:11:24.057,0.0,0.0,0,,,2
2026-06-11T15:11:24.161,0.0,0.0,0,,,2
2026-06-11T15:11:24.265,0.0,0.0,0,,,2
2026-06-11T15:11:24.370,0.0,0.0,0,,,2
2026-06-11T15:11:24.475,0.0,0.0,0,,,2
2026-06-11T15:11:24.579,0.0,0.0,0,,,2
2026-06-11T15:11:24.685,0.0,0.0,0,,,2
2026-06-11T15:11:24.790,0.0,0.0,0,,,2
2026-06-11T15:11:24.895,0.0,0.0,0,,,2
2026-06-11T15:11:25.001,0.0,0.0,0,,,2
2026-06-11T15:11:25.106,0.0,0.0,0,,,2
2026-06-11T15:11:25.211,0.0,0.0,0,,,2
2026-06-11T15:11:25.316,0.0,0.0,0,,,2
2026-06-11T15:11:25.421,0.0,0.0,0,,,2
2026-06-11T15:11:25.528,0.0,0.0,0,,,2
2026-06-11T15:11:25.633,0.0,0.0,0,,,2
2026-06-11T15:11:25.741,0.0,0.0,0,,,2
2026-06-11T15:11:25.845,0.0,0.0,0,,,2
2026-06-11T15:11:25.950,0.0,0.0,0,,,2
2026-06-11T15:11:26.054,0.0,0.0,0,,,2
2026-06-11T15:11:26.160,0.0,0.0,0,,,2
2026-06-11T15:11:26.264,0.0,0.0,0,,,2
2026-06-11T15:11:26.369,0.0,0.0,0,,,2
2026-06-11T15:11:26.473,0.0,0.0,0,,,2
2026-06-11T15:11:26.578,0.0,0.0,0,,,2
2026-06-11T15:11:26.683,0.0,0.0,0,,,2
2026-06-11T15:11:26.788,0.0,0.0,0,,,2
2026-06-11T15:11:26.892,0.0,0.0,0,,,2
2026-06-11T15:11:26.998,0.0,0.0,0,,,2
2026-06-11T15:11:27.104,0.0,0.0,0,,,2
2026-06-11T15:11:27.214,0.0,0.0,0,,,2
2026-06-11T15:11:27.319,0.0,0.0,0,,,2
2026-06-11T15:11:27.424,0.0,0.0,0,,,2
2026-06-11T15:11:27.529,0.0,0.0,0,,,2
2026-06-11T15:11:27.634,0.0,0.0,0,,,2
2026-06-11T15:11:27.740,0.0,0.0,0,,,2
2026-06-11T15:11:27.845,0.0,0.0,0,,,2
2026-06-11T15:11:27.950,0.0,0.0,0,,,2
2026-06-11T15:11:28.054,0.0,0.0,0,,,2
2026-06-11T15:11:28.159,0.0,0.0,0,,,2
2026-06-11T15:11:28.263,0.0,0.0,0,,,2
2026-06-11T15:11:28.368,0.0,0.0,0,,,2
2026-06-11T15:11:28.474,0.0,0.0,0,,,2
2026-06-11T15:11:28.579,0.0,0.0,0,,,2
2026-06-11T15:11:28.684,0.0,0.0,0,,,2
2026-06-11T15:11:28.790,0.0,0.0,0,,,2
2026-06-11T15:11:28.893,0.0,0.0,0,,,2
2026-06-11T15:11:28.997,0.0,0.0,0,,,2
2026-06-11T15:11:29.101,0.0,0.0,0,,,2
2026-06-11T15:11:29.206,0.0,0.0,0,,,2
2026-06-11T15:11:29.312,0.0,0.0,0,,,2
2026-06-11T15:11:29.417,0.0,0.0,0,,,2
2026-06-11T15:11:29.521,0.0,0.0,0,,,2
2026-06-11T15:11:29.626,0.0,0.0,0,,,2
2026-06-11T15:11:29.732,0.0,0.0,0,,,2
2026-06-11T15:11:29.837,0.0,0.0,0,,,2
2026-06-11T15:11:29.943,0.0,0.0,0,,,2
2026-06-11T15:11:30.047,0.0,0.0,0,,,2
2026-06-11T15:11:30.151,0.0,0.0,0,,,2
2026-06-11T15:11:30.255,0.0,0.0,0,,,2
2026-06-11T15:11:30.360,0.0,0.0,0,,,2
2026-06-11T15:11:30.464,0.0,0.0,0,,,2
2026-06-11T15:11:30.569,0.0,0.0,0,,,2
2026-06-11T15:11:30.676,0.0,0.0,0,,,2
2026-06-11T15:11:30.790,0.0,0.0,0,,,2
2026-06-11T15:11:30.895,0.0,0.0,0,,,2
2026-06-11T15:11:30.999,0.0,0.0,0,,,2
2026-06-11T15:11:31.104,0.0,0.0,0,,,2
2026-06-11T15:11:31.209,0.0,0.0,0,,,2
2026-06-11T15:11:31.314,0.0,0.0,0,,,2
2026-06-11T15:11:31.419,0.0,0.0,0,,,2
2026-06-11T15:11:31.524,0.0,0.0,0,,,2
2026-06-11T15:11:31.628,0.0,0.0,0,,,2
2026-06-11T15:11:31.734,0.0,0.0,0,,,2
2026-06-11T15:11:31.839,0.0,0.0,0,,,2
2026-06-11T15:11:31.943,0.0,0.0,0,,,2
2026-06-11T15:11:32.048,0.0,0.0,0,,,2
2026-06-11T15:11:32.154,0.0,0.0,0,,,2
2026-06-11T15:11:32.258,0.0,0.0,0,,,2
2026-06-11T15:11:32.363,0.0,0.0,0,,,2
2026-06-11T15:11:32.468,0.0,0.0,0,,,2
2026-06-11T15:11:32.574,0.0,0.0,0,,,2
2026-06-11T15:11:32.679,0.0,0.0,0,,,2
2026-06-11T15:11:32.784,0.0,0.0,0,,,2
2026-06-11T15:11:32.887,0.0,0.0,0,,,2
2026-06-11T15:11:32.991,0.0,0.0,0,,,2
2026-06-11T15:11:33.097,0.0,0.0,0,,,2
2026-06-11T15:11:33.201,0.0,0.0,0,,,2
2026-06-11T15:11:33.306,0.0,0.0,0,,,2
2026-06-11T15:11:33.412,0.0,0.0,0,,,2
2026-06-11T15:11:33.516,0.0,0.0,0,,,2
2026-06-11T15:11:33.619,0.0,0.0,0,,,2
2026-06-11T15:11:33.723,0.0,0.0,0,,,2
2026-06-11T15:11:33.827,0.0,0.0,0,,,2
2026-06-11T15:11:33.932,0.0,0.0,0,,,2
2026-06-11T15:11:34.037,0.0,0.0,0,,,2
2026-06-11T15:11:34.143,0.0,0.0,0,,,2
2026-06-11T15:11:34.247,0.0,0.0,0,,,2
2026-06-11T15:11:34.353,0.0,0.0,0,,,2
2026-06-11T15:11:34.457,0.0,0.0,0,,,2
2026-06-11T15:11:34.561,0.0,0.0,0,,,2
2026-06-11T15:11:34.666,0.0,0.0,0,,,2
2026-06-11T15:11:34.770,0.0,0.0,0,,,2
2026-06-11T15:11:34.875,0.0,0.0,0,,,2
2026-06-11T15:11:34.981,0.0,0.0,0,,,2
2026-06-11T15:11:35.083,0.0,0.0,0,,,2
2026-06-11T15:11:35.188,0.0,0.0,0,,,2
2026-06-11T15:11:35.294,0.0,0.0,0,,,2
2026-06-11T15:11:35.400,0.0,0.0,0,,,2
2026-06-11T15:11:35.505,0.0,0.0,0,,,2
2026-06-11T15:11:35.608,0.0,0.0,0,,,2
2026-06-11T15:11:35.715,0.0,0.0,0,,,2
2026-06-11T15:11:35.820,0.0,0.0,0,,,2
2026-06-11T15:11:35.926,0.0,0.0,0,,,2
2026-06-11T15:11:36.030,0.0,0.0,0,,,2
2026-06-11T15:11:36.134,0.0,0.0,0,,,2
2026-06-11T15:11:36.238,0.0,0.0,0,,,2
2026-06-11T15:11:36.342,0.0,0.0,0,,,2
2026-06-11T15:11:36.446,0.0,0.0,0,,,2
2026-06-11T15:11:36.549,0.0,0.0,0,,,2
2026-06-11T15:11:36.653,0.0,0.0,0,,,2
2026-06-11T15:11:36.756,0.0,0.0,0,,,2
2026-06-11T15:11:36.860,0.0,0.0,0,,,2
2026-06-11T15:11:36.963,0.0,0.0,0,,,2
2026-06-11T15:11:37.066,0.0,0.0,0,,,2
2026-06-11T15:11:37.229,0.0,0.0,0,,,2
2026-06-11T15:11:37.331,0.0,0.0,0,,,2
2026-06-11T15:11:37.434,0.0,0.0,0,,,2
2026-06-11T15:11:37.538,0.0,0.0,0,,,2
2026-06-11T15:11:37.641,0.0,0.0,0,,,2
2026-06-11T15:11:37.750,0.0,0.0,0,,,2
2026-06-11T15:11:37.854,0.0,0.0,0,,,2
2026-06-11T15:11:37.957,0.0,0.0,0,,,2
2026-06-11T15:11:38.060,0.0,0.0,0,,,2
2026-06-11T15:11:38.163,0.0,0.0,0,,,2
2026-06-11T15:11:38.268,0.0,0.0,0,,,2
2026-06-11T15:11:38.371,0.0,0.0,0,,,2
2026-06-11T15:11:38.474,0.0,0.0,0,,,2
2026-06-11T15:11:38.578,0.0,0.0,0,,,2
2026-06-11T15:11:38.682,0.0,0.0,0,,,2
2026-06-11T15:11:38.787,0.0,0.0,0,,,2
2026-06-11T15:11:38.890,0.0,0.0,0,,,2
2026-06-11T15:11:38.995,0.0,0.0,0,,,2
2026-06-11T15:11:39.100,0.0,0.0,0,,,2
2026-06-11T15:11:39.206,0.0,0.0,0,,,2
2026-06-11T15:11:39.310,0.0,0.0,0,,,2
2026-06-11T15:11:39.414,0.0,0.0,0,,,2
2026-06-11T15:11:39.520,0.0,0.0,0,,,2
2026-06-11T15:11:39.624,0.0,0.0,0,,,2
2026-06-11T15:11:39.729,0.0,0.0,0,,,2
2026-06-11T15:11:39.833,0.0,0.0,0,,,2
2026-06-11T15:11:39.937,0.0,0.0,0,,,2
2026-06-11T15:11:40.042,0.0,0.0,0,,,2
2026-06-11T15:11:40.148,0.0,0.0,0,,,2
2026-06-11T15:11:40.254,0.0,0.0,0,,,2
2026-06-11T15:11:40.359,0.0,0.0,0,,,2
2026-06-11T15:11:40.463,0.0,0.0,0,,,2
2026-06-11T15:11:40.569,0.0,0.0,0,,,2
2026-06-11T15:11:40.674,0.0,0.0,0,,,2
2026-06-11T15:11:40.780,0.0,0.0,0,,,2
2026-06-11T15:11:40.883,0.0,0.0,0,,,2
2026-06-11T15:11:40.988,0.0,0.0,0,,,2
2026-06-11T15:11:41.091,0.0,0.0,0,,,2
2026-06-11T15:11:41.194,0.0,0.0,0,,,2
2026-06-11T15:11:41.298,0.0,0.0,0,,,2
2026-06-11T15:11:41.402,0.0,0.0,0,,,2
2026-06-11T15:11:41.507,0.0,0.0,0,,,2
2026-06-11T15:11:41.611,0.0,0.0,0,,,2
2026-06-11T15:11:41.718,0.0,0.0,0,,,2
2026-06-11T15:11:41.823,0.0,0.0,0,,,2
2026-06-11T15:11:41.929,0.0,0.0,0,,,2
2026-06-11T15:11:42.034,0.0,0.0,0,,,2
2026-06-11T15:11:42.139,0.0,0.0,0,,,2
2026-06-11T15:11:42.245,0.0,0.0,0,,,2
2026-06-11T15:11:42.350,0.0,0.0,0,,,2
2026-06-11T15:11:42.455,0.0,0.0,0,,,2
2026-06-11T15:11:42.561,0.0,0.0,0,,,2
2026-06-11T15:11:42.664,0.0,0.0,0,,,2
2026-06-11T15:11:42.768,0.0,0.0,0,,,2
2026-06-11T15:11:42.872,0.0,0.0,0,,,2
2026-06-11T15:11:42.978,0.0,0.0,0,,,2
2026-06-11T15:11:43.081,0.0,0.0,0,,,2
2026-06-11T15:11:43.186,0.0,0.0,0,,,2
2026-06-11T15:11:43.292,0.0,0.0,0,,,2
2026-06-11T15:11:43.398,0.0,0.0,0,,,2
2026-06-11T15:11:43.504,0.0,0.0,0,,,2
2026-06-11T15:11:43.609,0.0,0.0,0,,,2
2026-06-11T15:11:43.713,0.0,0.0,0,,,2
2026-06-11T15:11:43.819,0.0,0.0,0,,,2
2026-06-11T15:11:43.923,0.0,0.0,0,,,2
2026-06-11T15:11:44.029,0.0,0.0,0,,,2
2026-06-11T15:11:44.134,0.0,0.0,0,,,2
2026-06-11T15:11:44.238,0.0,0.0,0,,,2
2026-06-11T15:11:44.343,0.0,0.0,0,,,2
2026-06-11T15:11:44.448,0.0,0.0,0,,,2
2026-06-11T15:11:44.553,0.0,0.0,0,,,2
2026-06-11T15:11:44.658,0.0,0.0,0,,,2
2026-06-11T15:11:44.763,0.0,0.0,0,,,2
2026-06-11T15:11:44.868,0.0,0.0,0,,,2
2026-06-11T15:11:44.971,0.0,0.0,0,,,2
2026-06-11T15:11:45.076,0.0,0.0,0,,,2
2026-06-11T15:11:45.183,0.0,0.0,0,,,2
2026-06-11T15:11:45.288,0.0,0.0,0,,,2
2026-06-11T15:11:45.393,0.0,0.0,0,,,2
2026-06-11T15:11:45.498,0.0,0.0,0,,,2
2026-06-11T15:11:45.603,0.0,0.0,0,,,2
2026-06-11T15:11:45.710,0.0,0.0,0,,,2
2026-06-11T15:11:45.815,0.0,0.0,0,,,2
2026-06-11T15:11:45.920,0.0,0.0,0,,,2
2026-06-11T15:11:46.023,0.0,0.0,0,,,2
2026-06-11T15:11:46.128,0.0,0.0,0,,,2
2026-06-11T15:11:46.232,0.0,0.0,0,,,2
2026-06-11T15:11:46.337,0.0,0.0,0,,,2
2026-06-11T15:11:46.441,0.0,0.0,0,,,2
2026-06-11T15:11:46.546,0.0,0.0,0,,,2
2026-06-11T15:11:46.652,0.0,0.0,0,,,2
2026-06-11T15:11:46.758,0.0,0.0,0,,,2
2026-06-11T15:11:46.863,0.0,0.0,0,,,2
2026-06-11T15:11:46.969,0.0,0.0,0,,,2
2026-06-11T15:11:47.073,0.0,0.0,0,,,2
2026-06-11T15:11:47.178,0.0,0.0,0,,,2
2026-06-11T15:11:47.283,0.0,0.0,0,,,2
2026-06-11T15:11:47.388,0.0,0.0,0,,,2
2026-06-11T15:11:47.493,0.0,0.0,0,,,2
2026-06-11T15:11:47.597,0.0,0.0,0,,,2
2026-06-11T15:11:47.703,0.0,0.0,0,,,2
2026-06-11T15:11:47.808,0.0,0.0,0,,,2
2026-06-11T15:11:47.912,0.0,0.0,0,,,2
2026-06-11T15:11:48.017,0.0,0.0,0,,,2
2026-06-11T15:11:48.122,0.0,0.0,0,,,2
2026-06-11T15:11:48.225,0.0,0.0,0,,,2
2026-06-11T15:11:48.334,0.0,0.0,0,,,2
2026-06-11T15:11:48.437,0.0,0.0,0,,,2
2026-06-11T15:11:48.544,0.0,0.0,0,,,2
2026-06-11T15:11:48.649,0.0,0.0,0,,,2
2026-06-11T15:11:48.753,0.0,0.0,0,,,2
2026-06-11T15:11:48.858,0.0,0.0,0,,,2
2026-06-11T15:11:48.965,0.0,0.0,0,,,2
2026-06-11T15:11:49.069,0.0,0.0,0,,,2
2026-06-11T15:11:49.174,0.0,0.0,0,,,2
2026-06-11T15:11:49.284,0.0,0.0,0,,,2
2026-06-11T15:11:49.389,0.0,0.0,0,,,2
2026-06-11T15:11:49.494,0.0,0.0,0,,,2
2026-06-11T15:11:49.598,0.0,0.0,0,,,2
2026-06-11T15:11:49.703,0.0,0.0,0,,,2
2026-06-11T15:11:49.809,0.0,0.0,0,,,2
2026-06-11T15:11:49.912,0.0,0.0,0,,,2
2026-06-11T15:11:50.017,0.0,0.0,0,,,2
2026-06-11T15:11:50.124,0.0,0.0,0,,,2
2026-06-11T15:11:50.228,0.0,0.0,0,,,2
2026-06-11T15:11:50.334,0.0,0.0,0,,,2
2026-06-11T15:11:50.438,0.0,0.0,0,,,2
2026-06-11T15:11:50.543,0.0,0.0,0,,,2
2026-06-11T15:11:50.648,0.0,0.0,0,,,2
2026-06-11T15:11:50.754,0.0,0.0,0,,,2
2026-06-11T15:11:50.869,0.0,0.0,0,,,2
2026-06-11T15:11:50.974,0.0,0.0,0,,,2
2026-06-11T15:11:51.088,0.0,0.0,0,,,2
2026-06-11T15:11:51.193,0.0,0.0,0,,,2
2026-06-11T15:11:51.300,0.0,0.0,0,,,2
2026-06-11T15:11:51.404,0.0,0.0,0,,,2
2026-06-11T15:11:51.509,0.0,0.0,0,,,2
2026-06-11T15:11:51.614,0.0,0.0,0,,,2
2026-06-11T15:11:51.718,0.0,0.0,0,,,2
2026-06-11T15:11:51.825,0.0,0.0,0,,,2
2026-06-11T15:11:51.930,0.0,0.0,0,,,2
2026-06-11T15:11:52.035,0.0,0.0,0,,,2
2026-06-11T15:11:52.141,0.0,0.0,0,,,2
2026-06-11T15:11:52.247,0.0,0.0,0,,,2
2026-06-11T15:11:52.352,0.0,0.0,0,,,2
2026-06-11T15:11:52.457,0.0,0.0,0,,,2
2026-06-11T15:11:52.560,0.0,0.0,0,,,2
2026-06-11T15:11:52.665,0.0,0.0,0,,,2
2026-06-11T15:11:52.771,0.0,0.0,0,,,2
2026-06-11T15:11:52.877,0.0,0.0,0,,,2
2026-06-11T15:11:52.982,0.0,0.0,0,,,2
2026-06-11T15:11:53.088,0.0,0.0,0,,,2
2026-06-11T15:11:53.192,0.0,0.0,0,,,2
2026-06-11T15:11:53.298,0.0,0.0,0,,,2
2026-06-11T15:11:53.404,0.0,0.0,0,,,2
2026-06-11T15:11:53.508,0.0,0.0,0,,,2
2026-06-11T15:11:53.612,0.0,0.0,0,,,2
2026-06-11T15:11:53.717,0.0,0.0,0,,,2
2026-06-11T15:11:53.823,0.0,0.0,0,,,2
2026-06-11T15:11:53.927,0.0,0.0,0,,,2
2026-06-11T15:11:54.032,0.0,0.0,0,,,2
2026-06-11T15:11:54.138,0.0,0.0,0,,,2
2026-06-11T15:11:54.242,0.0,0.0,0,,,2
2026-06-11T15:11:54.348,0.0,0.0,0,,,2
2026-06-11T15:11:54.455,0.0,0.0,0,,,2
2026-06-11T15:11:54.560,0.0,0.0,0,,,2
2026-06-11T15:11:54.666,0.0,0.0,0,,,2
2026-06-11T15:11:54.770,0.0,0.0,0,,,2
2026-06-11T15:11:54.875,0.0,0.0,0,,,2
2026-06-11T15:11:54.979,0.0,0.0,0,,,2
2026-06-11T15:11:55.083,0.0,0.0,0,,,2
2026-06-11T15:11:55.188,0.0,0.0,0,,,2
2026-06-11T15:11:55.293,0.0,0.0,0,,,2
2026-06-11T15:11:55.398,0.0,0.0,0,,,2
2026-06-11T15:11:55.502,0.0,0.0,0,,,2
2026-06-11T15:11:55.606,0.0,0.0,0,,,2
2026-06-11T15:11:55.711,0.0,0.0,0,,,2
2026-06-11T15:11:55.817,0.0,0.0,0,,,2
2026-06-11T15:11:55.922,0.0,0.0,0,,,2
2026-06-11T15:11:56.027,0.0,0.0,0,,,2
2026-06-11T15:11:56.132,0.0,0.0,0,,,2
2026-06-11T15:11:56.238,0.0,0.0,0,,,2
2026-06-11T15:11:56.345,0.0,0.0,0,,,2
2026-06-11T15:11:56.450,0.0,0.0,0,,,2
2026-06-11T15:11:56.554,0.0,0.0,0,,,2
2026-06-11T15:11:56.658,0.0,0.0,0,,,2
2026-06-11T15:11:56.762,0.0,0.0,0,,,2
2026-06-11T15:11:56.866,0.0,0.0,0,,,2
2026-06-11T15:11:56.969,0.0,0.0,0,,,2
2026-06-11T15:11:57.074,0.0,0.0,0,,,2
2026-06-11T15:11:57.179,0.0,0.0,0,,,2
2026-06-11T15:11:57.284,0.0,0.0,0,,,2
2026-06-11T15:11:57.388,0.0,0.0,0,,,2
2026-06-11T15:11:57.495,0.0,0.0,0,,,2
2026-06-11T15:11:57.602,0.0,0.0,0,,,2
2026-06-11T15:11:57.706,0.0,0.0,0,,,2
2026-06-11T15:11:57.811,0.0,0.0,0,,,2
2026-06-11T15:11:57.917,0.0,0.0,0,,,2
2026-06-11T15:11:58.024,0.0,0.0,0,,,2
2026-06-11T15:11:58.128,0.0,0.0,0,,,2
2026-06-11T15:11:58.234,0.0,0.0,0,,,2
2026-06-11T15:11:58.349,0.0,0.0,0,,,2
2026-06-11T15:11:58.454,0.0,0.0,0,,,2
2026-06-11T15:11:58.559,0.0,0.0,0,,,2
2026-06-11T15:11:58.664,0.0,0.0,0,,,2
2026-06-11T15:11:58.770,0.0,0.0,0,,,2
2026-06-11T15:11:58.877,0.0,0.0,0,,,2
2026-06-11T15:11:58.982,0.0,0.0,0,,,2
2026-06-11T15:11:59.086,0.0,0.0,0,,,2
2026-06-11T15:11:59.190,0.0,0.0,0,,,2
2026-06-11T15:11:59.294,0.0,0.0,0,,,2
2026-06-11T15:11:59.400,0.0,0.0,0,,,2
2026-06-11T15:11:59.506,0.0,0.0,0,,,2
2026-06-11T15:11:59.611,0.0,0.0,0,,,2
2026-06-11T15:11:59.717,0.0,0.0,0,,,2
2026-06-11T15:11:59.821,0.0,0.0,0,,,2
2026-06-11T15:11:59.926,0.0,0.0,0,,,2
2026-06-11T15:12:00.030,0.0,0.0,0,,,2
2026-06-11T15:12:00.135,0.0,0.0,0,,,2
2026-06-11T15:12:00.240,0.0,0.0,0,,,2
2026-06-11T15:12:00.346,0.0,0.0,0,,,2
2026-06-11T15:12:00.449,0.0,0.0,0,,,2
2026-06-11T15:12:00.555,0.0,0.0,0,,,2
2026-06-11T15:12:00.661,0.0,0.0,0,,,2
2026-06-11T15:12:00.766,0.0,0.0,0,,,2
2026-06-11T15:12:00.872,0.0,0.0,0,,,2
2026-06-11T15:12:00.975,0.0,0.0,0,,,2
2026-06-11T15:12:01.081,0.0,0.0,0,,,2
2026-06-11T15:12:01.185,0.0,0.0,0,,,2
2026-06-11T15:12:01.290,0.0,0.0,0,,,2
2026-06-11T15:12:01.394,0.0,0.0,0,,,2
2026-06-11T15:12:01.499,0.0,0.0,0,,,2
2026-06-11T15:12:01.604,0.0,0.0,0,,,2
2026-06-11T15:12:01.708,0.0,0.0,0,,,2
2026-06-11T15:12:01.814,0.0,0.0,0,,,2
2026-06-11T15:12:01.918,0.0,0.0,0,,,2
2026-06-11T15:12:02.022,0.0,0.0,0,,,2
2026-06-11T15:12:02.126,0.0,0.0,0,,,2
2026-06-11T15:12:02.230,0.0,0.0,0,,,2
2026-06-11T15:12:02.332,0.0,0.0,0,,,2
2026-06-11T15:12:02.437,0.0,0.0,0,,,2
2026-06-11T15:12:02.542,0.0,0.0,0,,,2
2026-06-11T15:12:02.646,0.0,0.0,0,,,2
2026-06-11T15:12:02.749,0.0,0.0,0,,,2
2026-06-11T15:12:02.851,0.0,0.0,0,,,2
2026-06-11T15:12:02.954,0.0,0.0,0,,,2
2026-06-11T15:12:03.058,0.0,0.0,0,,,2
2026-06-11T15:12:03.162,0.0,0.0,0,,,2
2026-06-11T15:12:03.266,0.0,0.0,0,,,2
2026-06-11T15:12:03.370,0.0,0.0,0,,,2
2026-06-11T15:12:03.473,0.0,0.0,0,,,2
2026-06-11T15:12:03.577,0.0,0.0,0,,,2
2026-06-11T15:12:03.682,0.0,0.0,0,,,2
2026-06-11T15:12:03.786,0.0,0.0,0,,,2
2026-06-11T15:12:03.888,0.0,0.0,0,,,2
2026-06-11T15:12:03.993,0.0,0.0,0,,,2
2026-06-11T15:12:04.098,0.0,0.0,0,,,2
2026-06-11T15:12:04.203,0.0,0.0,0,,,2
2026-06-11T15:12:04.309,0.0,0.0,0,,,2
2026-06-11T15:12:04.411,0.0,0.0,0,,,2
2026-06-11T15:12:04.516,0.0,0.0,0,,,2
2026-06-11T15:12:04.619,0.0,0.0,0,,,2
2026-06-11T15:12:04.723,0.0,0.0,0,,,2
2026-06-11T15:12:04.826,0.0,0.0,0,,,2
2026-06-11T15:12:04.930,0.0,0.0,0,,,2
2026-06-11T15:12:05.034,0.0,0.0,0,,,2
2026-06-11T15:12:05.137,0.0,0.0,0,,,2
2026-06-11T15:12:05.241,0.0,0.0,0,,,2
2026-06-11T15:12:05.345,0.0,0.0,0,,,2
2026-06-11T15:12:05.449,0.0,0.0,0,,,2
2026-06-11T15:12:05.553,0.0,0.0,0,,,2
2026-06-11T15:12:05.656,0.0,0.0,0,,,2
2026-06-11T15:12:05.760,0.0,0.0,0,,,2
2026-06-11T15:12:05.864,0.0,0.0,0,,,2
2026-06-11T15:12:05.967,0.0,0.0,0,,,2
2026-06-11T15:12:06.071,0.0,0.0,0,,,2
2026-06-11T15:12:06.175,0.0,0.0,0,,,2
2026-06-11T15:12:06.279,0.0,0.0,0,,,2
2026-06-11T15:12:06.383,0.0,0.0,0,,,2
2026-06-11T15:12:06.487,0.0,0.0,0,,,2
2026-06-11T15:12:06.590,0.0,0.0,0,,,2
2026-06-11T15:12:06.693,0.0,0.0,0,,,2
2026-06-11T15:12:06.795,0.0,0.0,0,,,2
2026-06-11T15:12:06.899,0.0,0.0,0,,,2
2026-06-11T15:12:07.004,0.0,0.0,0,,,2
2026-06-11T15:12:07.108,0.0,0.0,0,,,2
2026-06-11T15:12:07.212,0.0,0.0,0,,,2
2026-06-11T15:12:07.316,0.0,0.0,0,,,2
2026-06-11T15:12:07.420,0.0,0.0,0,,,2
2026-06-11T15:12:07.525,0.0,0.0,0,,,2
2026-06-11T15:12:07.631,0.0,0.0,0,,,2
2026-06-11T15:12:07.736,0.0,0.0,0,,,2
2026-06-11T15:12:07.841,0.0,0.0,0,,,2
2026-06-11T15:12:07.946,0.0,0.0,0,,,2
2026-06-11T15:12:08.051,0.0,0.0,0,,,2
2026-06-11T15:12:08.154,0.0,0.0,0,,,2
2026-06-11T15:12:08.259,0.0,0.0,0,,,2
2026-06-11T15:12:08.365,0.0,0.0,0,,,2
2026-06-11T15:12:08.469,0.0,0.0,0,,,2
2026-06-11T15:12:08.573,0.0,0.0,0,,,2
2026-06-11T15:12:08.678,0.0,0.0,0,,,2
2026-06-11T15:12:08.784,0.0,0.0,0,,,2
2026-06-11T15:12:08.886,0.0,0.0,0,,,2
2026-06-11T15:12:08.991,0.0,0.0,0,,,2
2026-06-11T15:12:09.097,0.0,0.0,0,,,2
2026-06-11T15:12:09.203,0.0,0.0,0,,,2
2026-06-11T15:12:09.308,0.0,0.0,0,,,2
2026-06-11T15:12:09.412,0.0,0.0,0,,,2
2026-06-11T15:12:09.519,0.0,0.0,0,,,2
2026-06-11T15:12:09.624,0.0,0.0,0,,,2
2026-06-11T15:12:09.729,0.0,0.0,0,,,2
2026-06-11T15:12:09.834,0.0,0.0,0,,,2
2026-06-11T15:12:09.948,0.0,0.0,0,,,2
2026-06-11T15:12:10.062,0.0,0.0,0,,,2
2026-06-11T15:12:10.170,0.0,0.0,0,,,2
2026-06-11T15:12:10.284,0.0,0.0,0,,,2
2026-06-11T15:12:10.402,0.0,0.0,0,,,2
2026-06-11T15:12:10.507,0.0,0.0,0,,,2
2026-06-11T15:12:10.622,0.0,0.0,0,,,2
2026-06-11T15:12:10.733,0.0,0.0,0,,,2
2026-06-11T15:12:10.847,0.0,0.0,0,,,2
2026-06-11T15:12:10.963,0.0,0.0,0,,,2
2026-06-11T15:12:11.073,0.0,0.0,0,,,2
2026-06-11T15:12:11.191,0.0,0.0,0,,,2
2026-06-11T15:12:11.302,0.0,0.0,0,,,2
2026-06-11T15:12:11.425,0.0,0.0,0,,,2
2026-06-11T15:12:11.539,0.0,0.0,0,,,2
2026-06-11T15:12:11.652,0.0,0.0,0,,,2
2026-06-11T15:12:11.761,0.0,0.0,0,,,2
2026-06-11T15:12:11.873,0.0,0.0,0,,,2
2026-06-11T15:12:11.988,0.0,0.0,0,,,2
2026-06-11T15:12:12.109,0.0,0.0,0,,,2
2026-06-11T15:12:12.220,0.0,0.0,0,,,2
2026-06-11T15:12:12.335,0.0,0.0,0,,,2
2026-06-11T15:12:12.445,0.0,0.0,0,,,2
2026-06-11T15:12:12.557,0.0,0.0,0,,,2
2026-06-11T15:12:12.668,0.0,0.0,0,,,2
2026-06-11T15:12:12.782,0.0,0.0,0,,,2
2026-06-11T15:12:12.892,0.0,0.0,0,,,2
2026-06-11T15:12:12.999,0.0,0.0,0,,,2
2026-06-11T15:12:13.110,0.0,0.0,0,,,2
2026-06-11T15:12:13.225,0.0,0.0,0,,,2
2026-06-11T15:12:13.332,0.0,0.0,0,,,2
2026-06-11T15:12:13.441,0.0,0.0,0,,,2
2026-06-11T15:12:13.550,0.0,0.0,0,,,2
2026-06-11T15:12:13.661,0.0,0.0,0,,,2
2026-06-11T15:12:13.781,0.0,0.0,0,,,2
2026-06-11T15:12:13.899,0.0,0.0,0,,,2
2026-06-11T15:12:14.010,0.0,0.0,0,,,2
2026-06-11T15:12:14.125,0.0,0.0,0,,,2
2026-06-11T15:12:14.238,0.0,0.0,0,,,2
2026-06-11T15:12:14.350,0.0,0.0,0,,,2
2026-06-11T15:12:14.456,0.0,0.0,0,,,2
2026-06-11T15:12:14.571,0.0,0.0,0,,,2
2026-06-11T15:12:14.685,0.0,0.0,0,,,2
2026-06-11T15:12:14.805,0.0,0.0,0,,,2
2026-06-11T15:12:14.918,0.0,0.0,0,,,2
2026-06-11T15:12:15.026,0.0,0.0,0,,,2
2026-06-11T15:12:15.137,0.0,0.0,0,,,2
2026-06-11T15:12:15.251,0.0,0.0,0,,,2
2026-06-11T15:12:15.372,0.0,0.0,0,,,2
2026-06-11T15:12:15.489,0.0,0.0,0,,,2
2026-06-11T15:12:15.601,0.0,0.0,0,,,2
2026-06-11T15:12:15.707,0.0,0.0,0,,,2
2026-06-11T15:12:15.825,0.0,0.0,0,,,2
2026-06-11T15:12:15.941,0.0,0.0,0,,,2
2026-06-11T15:12:16.057,0.0,0.0,0,,,2
2026-06-11T15:12:16.168,0.0,0.0,0,,,2
2026-06-11T15:12:16.284,0.0,0.0,0,,,2
2026-06-11T15:12:16.398,0.0,0.0,0,,,2
2026-06-11T15:12:16.513,0.0,0.0,0,,,2
2026-06-11T15:12:16.635,0.0,0.0,0,,,2
2026-06-11T15:12:16.746,0.0,0.0,0,,,2
2026-06-11T15:12:16.868,0.0,0.0,0,,,2
2026-06-11T15:12:16.985,0.0,0.0,0,,,2
2026-06-11T15:12:17.092,0.0,0.0,0,,,2
2026-06-11T15:12:17.205,0.0,0.0,0,,,2
2026-06-11T15:12:17.316,0.0,0.0,0,,,2
2026-06-11T15:12:17.429,0.0,0.0,0,,,2
2026-06-11T15:12:17.538,0.0,0.0,0,,,2
2026-06-11T15:12:17.649,0.0,0.0,0,,,2
2026-06-11T15:12:17.758,0.0,0.0,0,,,2
2026-06-11T15:12:17.872,0.0,0.0,0,,,2
2026-06-11T15:12:17.983,0.0,0.0,0,,,2
2026-06-11T15:12:18.091,0.0,0.0,0,,,2
2026-06-11T15:12:18.205,0.0,0.0,0,,,2
2026-06-11T15:12:18.316,0.0,0.0,0,,,2
2026-06-11T15:12:18.424,0.0,0.0,0,,,2
2026-06-11T15:12:18.535,0.0,0.0,0,,,2
2026-06-11T15:12:18.644,0.0,0.0,0,,,2
2026-06-11T15:12:18.763,0.0,0.0,0,,,2
2026-06-11T15:12:18.879,0.0,0.0,0,,,2
2026-06-11T15:12:18.995,0.0,0.0,0,,,2
2026-06-11T15:12:19.111,0.0,0.0,0,,,2
2026-06-11T15:12:19.227,0.0,0.0,0,,,2
2026-06-11T15:12:19.346,0.0,0.0,0,,,2
2026-06-11T15:12:19.461,0.0,0.0,0,,,2
2026-06-11T15:12:19.581,0.0,0.0,0,,,2
2026-06-11T15:12:19.695,0.0,0.0,0,,,2
2026-06-11T15:12:19.803,0.0,0.0,0,,,2
2026-06-11T15:12:19.912,0.0,0.0,0,,,2
2026-06-11T15:12:20.028,0.0,0.0,0,,,2
2026-06-11T15:12:20.138,0.0,0.0,0,,,2
2026-06-11T15:12:20.243,0.0,0.0,0,,,2
2026-06-11T15:12:20.356,0.0,0.0,0,,,2
2026-06-11T15:12:20.463,0.0,0.0,0,,,2
2026-06-11T15:12:20.578,0.0,0.0,0,,,2
2026-06-11T15:12:20.689,0.0,0.0,0,,,2
2026-06-11T15:12:20.803,0.0,0.0,0,,,2
2026-06-11T15:12:20.909,0.0,0.0,0,,,2
2026-06-11T15:12:21.017,0.0,0.0,0,,,2
2026-06-11T15:12:21.137,0.0,0.0,0,,,2
2026-06-11T15:12:21.250,0.0,0.0,0,,,2
2026-06-11T15:12:21.356,0.0,0.0,0,,,2
2026-06-11T15:12:21.466,0.0,0.0,0,,,2
2026-06-11T15:12:21.578,0.0,0.0,0,,,2
2026-06-11T15:12:21.689,0.0,0.0,0,,,2
2026-06-11T15:12:21.798,0.0,0.0,0,,,2
2026-06-11T15:12:21.911,0.0,0.0,0,,,2
2026-06-11T15:12:22.023,0.0,0.0,0,,,2
2026-06-11T15:12:22.134,0.0,0.0,0,,,2
2026-06-11T15:12:22.246,0.0,0.0,0,,,2
2026-06-11T15:12:22.354,0.0,0.0,0,,,2
2026-06-11T15:12:22.466,0.0,0.0,0,,,2
2026-06-11T15:12:22.581,0.0,0.0,0,,,2
2026-06-11T15:12:22.700,0.0,0.0,0,,,2
2026-06-11T15:12:22.811,0.0,0.0,0,,,2
2026-06-11T15:12:22.926,0.0,0.0,0,,,2
2026-06-11T15:12:23.043,0.0,0.0,0,,,2
2026-06-11T15:12:23.155,0.0,0.0,0,,,2
2026-06-11T15:12:23.277,0.0,0.0,0,,,2
2026-06-11T15:12:23.385,0.0,0.0,0,,,2
2026-06-11T15:12:23.501,0.0,0.0,0,,,2
2026-06-11T15:12:23.617,0.0,0.0,0,,,2
2026-06-11T15:12:23.728,0.0,0.0,0,,,2
2026-06-11T15:12:23.843,0.0,0.0,0,,,2
2026-06-11T15:12:23.954,0.0,0.0,0,,,2
2026-06-11T15:12:24.068,0.0,0.0,0,,,2
2026-06-11T15:12:24.182,0.0,0.0,0,,,2
2026-06-11T15:12:24.295,0.0,0.0,0,,,2
2026-06-11T15:12:24.404,0.0,0.0,0,,,2
2026-06-11T15:12:24.517,0.0,0.0,0,,,2
2026-06-11T15:12:24.629,0.0,0.0,0,,,2
2026-06-11T15:12:24.737,0.0,0.0,0,,,2
2026-06-11T15:12:24.848,0.0,0.0,0,,,2
2026-06-11T15:12:24.960,0.0,0.0,0,,,2
2026-06-11T15:12:25.078,0.0,0.0,0,,,2
2026-06-11T15:12:25.192,0.0,0.0,0,,,2
2026-06-11T15:12:25.303,0.0,0.0,0,,,2
2026-06-11T15:12:25.409,0.0,0.0,0,,,2
2026-06-11T15:12:25.520,0.0,0.0,0,,,2
2026-06-11T15:12:25.625,0.0,0.0,0,,,2
2026-06-11T15:12:25.739,0.0,0.0,0,,,2
2026-06-11T15:12:25.851,0.0,0.0,0,,,2
2026-06-11T15:12:25.961,0.0,0.0,0,,,2
2026-06-11T15:12:26.073,0.0,0.0,0,,,2
2026-06-11T15:12:26.189,0.0,0.0,0,,,2
2026-06-11T15:12:26.304,0.0,0.0,0,,,2
2026-06-11T15:12:26.415,0.0,0.0,0,,,2
2026-06-11T15:12:26.523,0.0,0.0,0,,,2
2026-06-11T15:12:26.637,0.0,0.0,0,,,2
2026-06-11T15:12:26.748,0.0,0.0,0,,,2
2026-06-11T15:12:26.855,0.0,0.0,0,,,2
2026-06-11T15:12:26.967,0.0,0.0,0,,,2
2026-06-11T15:12:27.080,0.0,0.0,0,,,2
2026-06-11T15:12:27.189,0.0,0.0,0,,,2
2026-06-11T15:12:27.301,0.0,0.0,0,,,2
2026-06-11T15:12:27.408,0.0,0.0,0,,,2
2026-06-11T15:12:27.518,0.0,0.0,0,,,2
2026-06-11T15:12:27.631,0.0,0.0,0,,,2
2026-06-11T15:12:27.742,0.0,0.0,0,,,2
2026-06-11T15:12:27.852,0.0,0.0,0,,,2
2026-06-11T15:12:27.966,0.0,0.0,0,,,2
2026-06-11T15:12:28.082,0.0,0.0,0,,,2
2026-06-11T15:12:28.202,0.0,0.0,0,,,2
2026-06-11T15:12:28.316,0.0,0.0,0,,,2
2026-06-11T15:12:28.435,0.0,0.0,0,,,2
2026-06-11T15:12:28.544,0.0,0.0,0,,,2
2026-06-11T15:12:28.663,0.0,0.0,0,,,2
2026-06-11T15:12:28.776,0.0,0.0,0,,,2
2026-06-11T15:12:28.884,0.0,0.0,0,,,2
2026-06-11T15:12:29.003,0.0,0.0,0,,,2
2026-06-11T15:12:29.111,0.0,0.0,0,,,2
2026-06-11T15:12:29.218,0.0,0.0,0,,,2
2026-06-11T15:12:29.338,0.0,0.0,0,,,2
2026-06-11T15:12:29.443,0.0,0.0,0,,,2
2026-06-11T15:12:29.559,0.0,0.0,0,,,2
2026-06-11T15:12:29.678,0.0,0.0,0,,,2
2026-06-11T15:12:29.790,0.0,0.0,0,,,2
2026-06-11T15:12:29.907,0.0,0.0,0,,,2
2026-06-11T15:12:30.020,0.0,0.0,0,,,2
2026-06-11T15:12:30.141,0.0,0.0,0,,,2
2026-06-11T15:12:30.252,0.0,0.0,0,,,2
2026-06-11T15:12:30.369,0.0,0.0,0,,,2
2026-06-11T15:12:30.484,0.0,0.0,0,,,2
2026-06-11T15:12:30.596,0.0,0.0,0,,,2
2026-06-11T15:12:30.708,0.0,0.0,0,,,2
2026-06-11T15:12:30.818,0.0,0.0,0,,,2
2026-06-11T15:12:30.929,0.0,0.0,0,,,2
2026-06-11T15:12:31.037,0.0,0.0,0,,,2
2026-06-11T15:12:31.146,0.0,0.0,0,,,2
2026-06-11T15:12:31.259,0.0,0.0,0,,,2
2026-06-11T15:12:31.376,0.0,0.0,0,,,2
2026-06-11T15:12:31.490,0.0,0.0,0,,,2
2026-06-11T15:12:31.603,0.0,0.0,0,,,2
2026-06-11T15:12:31.712,0.0,0.0,0,,,2
2026-06-11T15:12:31.824,0.0,0.0,0,,,2
2026-06-11T15:12:31.936,0.0,0.0,0,,,2
2026-06-11T15:12:32.050,0.0,0.0,0,,,2
2026-06-11T15:12:32.167,0.0,0.0,0,,,2
2026-06-11T15:12:32.286,0.0,0.0,0,,,2
2026-06-11T15:12:32.403,0.0,0.0,0,,,2
2026-06-11T15:12:32.516,0.0,0.0,0,,,2
2026-06-11T15:12:32.626,0.0,0.0,0,,,2
2026-06-11T15:12:32.738,0.0,0.0,0,,,2
2026-06-11T15:12:32.849,0.0,0.0,0,,,2
2026-06-11T15:12:32.968,0.0,0.0,0,,,2
2026-06-11T15:12:33.082,0.0,0.0,0,,,2
2026-06-11T15:12:33.191,0.0,0.0,0,,,2
2026-06-11T15:12:33.305,0.0,0.0,0,,,2
2026-06-11T15:12:33.409,0.0,0.0,0,,,2
2026-06-11T15:12:33.527,0.0,0.0,0,,,2
2026-06-11T15:12:33.639,0.0,0.0,0,,,2
2026-06-11T15:12:33.752,0.0,0.0,0,,,2
2026-06-11T15:12:33.868,0.0,0.0,0,,,2
2026-06-11T15:12:33.981,0.0,0.0,0,,,2
2026-06-11T15:12:34.096,0.0,0.0,0,,,2
2026-06-11T15:12:34.207,0.0,0.0,0,,,2
2026-06-11T15:12:34.322,0.0,0.0,0,,,2
2026-06-11T15:12:34.442,0.0,0.0,0,,,2
2026-06-11T15:12:34.555,0.0,0.0,0,,,2
2026-06-11T15:12:34.660,0.0,0.0,0,,,2
2026-06-11T15:12:34.775,0.0,0.0,0,,,2
2026-06-11T15:12:34.889,0.0,0.0,0,,,2
2026-06-11T15:12:34.996,0.0,0.0,0,,,2
2026-06-11T15:12:35.106,0.0,0.0,0,,,2
2026-06-11T15:12:35.222,0.0,0.0,0,,,2
2026-06-11T15:12:35.332,0.0,0.0,0,,,2
2026-06-11T15:12:35.443,0.0,0.0,0,,,2
2026-06-11T15:12:35.563,0.0,0.0,0,,,2
2026-06-11T15:12:35.667,0.0,0.0,0,,,2
2026-06-11T15:12:35.777,0.0,0.0,0,,,2
2026-06-11T15:12:35.888,0.0,0.0,0,,,2
2026-06-11T15:12:35.997,0.0,0.0,0,,,2
2026-06-11T15:12:36.118,0.0,0.0,0,,,2
2026-06-11T15:12:36.236,0.0,0.0,0,,,2
2026-06-11T15:12:36.348,0.0,0.0,0,,,2
2026-06-11T15:12:36.459,0.0,0.0,0,,,2
2026-06-11T15:12:36.569,0.0,0.0,0,,,2
2026-06-11T15:12:36.673,0.0,0.0,0,,,2
2026-06-11T15:12:36.788,0.0,0.0,0,,,2
2026-06-11T15:12:36.904,0.0,0.0,0,,,2
2026-06-11T15:12:37.013,0.0,0.0,0,,,2
2026-06-11T15:12:37.120,0.0,0.0,0,,,2
2026-06-11T15:12:37.235,0.0,0.0,0,,,2
2026-06-11T15:12:37.347,0.0,0.0,0,,,2
2026-06-11T15:12:37.454,0.0,0.0,0,,,2
2026-06-11T15:12:37.567,0.0,0.0,0,,,2
2026-06-11T15:12:37.685,0.0,0.0,0,,,2
2026-06-11T15:12:37.802,0.0,0.0,0,,,2
2026-06-11T15:12:37.911,0.0,0.0,0,,,2
2026-06-11T15:12:38.022,0.0,0.0,0,,,2
2026-06-11T15:12:38.132,0.0,0.0,0,,,2
2026-06-11T15:12:38.245,0.0,0.0,0,,,2
2026-06-11T15:12:38.356,0.0,0.0,0,,,2
2026-06-11T15:12:38.490,0.0,0.0,0,,,2
2026-06-11T15:12:38.611,0.0,0.0,0,,,2
2026-06-11T15:12:38.719,0.0,0.0,0,,,2
2026-06-11T15:12:38.832,0.0,0.0,0,,,2
2026-06-11T15:12:38.943,0.0,0.0,0,,,2
2026-06-11T15:12:39.058,0.0,0.0,0,,,2
2026-06-11T15:12:39.170,0.0,0.0,0,,,2
2026-06-11T15:12:39.277,0.0,0.0,0,,,2
2026-06-11T15:12:39.391,0.0,0.0,0,,,2
2026-06-11T15:12:39.497,0.0,0.0,0,,,2
2026-06-11T15:12:39.612,0.0,0.0,0,,,2
2026-06-11T15:12:39.728,0.0,0.0,0,,,2
2026-06-11T15:12:39.847,0.0,0.0,0,,,2
2026-06-11T15:12:39.956,0.0,0.0,0,,,2
2026-06-11T15:12:40.069,0.0,0.0,0,,,2
2026-06-11T15:12:40.177,0.0,0.0,0,,,2
2026-06-11T15:12:40.290,0.0,0.0,0,,,2
2026-06-11T15:12:40.405,0.0,0.0,0,,,2
2026-06-11T15:12:40.520,0.0,0.0,0,,,2
2026-06-11T15:12:40.638,0.0,0.0,0,,,2
2026-06-11T15:12:40.752,0.0,0.0,0,,,2
2026-06-11T15:12:40.863,0.0,0.0,0,,,2
2026-06-11T15:12:40.976,0.0,0.0,0,,,2
2026-06-11T15:12:41.084,0.0,0.0,0,,,2
2026-06-11T15:12:41.194,0.0,0.0,0,,,2
2026-06-11T15:12:41.308,0.0,0.0,0,,,2
2026-06-11T15:12:41.417,0.0,0.0,0,,,2
2026-06-11T15:12:41.528,0.0,0.0,0,,,2
2026-06-11T15:12:41.637,0.0,0.0,0,,,2
2026-06-11T15:12:41.753,0.0,0.0,0,,,2
2026-06-11T15:12:41.865,0.0,0.0,0,,,2
2026-06-11T15:12:41.984,0.0,0.0,0,,,2
2026-06-11T15:12:42.100,0.0,0.0,0,,,2
2026-06-11T15:12:42.212,0.0,0.0,0,,,2
2026-06-11T15:12:42.329,0.0,0.0,0,,,2
2026-06-11T15:12:42.438,0.0,0.0,0,,,2
2026-06-11T15:12:42.549,0.0,0.0,0,,,2
2026-06-11T15:12:42.659,0.0,0.0,0,,,2
2026-06-11T15:12:42.771,0.0,0.0,0,,,2
2026-06-11T15:12:42.885,0.0,0.0,0,,,2
2026-06-11T15:12:42.996,0.0,0.0,0,,,2
2026-06-11T15:12:43.109,0.0,0.0,0,,,2
2026-06-11T15:12:43.217,0.0,0.0,0,,,2
2026-06-11T15:12:43.330,0.0,0.0,0,,,2
2026-06-11T15:12:43.441,0.0,0.0,0,,,2
2026-06-11T15:12:43.546,0.0,0.0,0,,,2
2026-06-11T15:12:43.658,0.0,0.0,0,,,2
2026-06-11T15:12:43.773,0.0,0.0,0,,,2
2026-06-11T15:12:43.887,0.0,0.0,0,,,2
2026-06-11T15:12:44.001,0.0,0.0,0,,,2
2026-06-11T15:12:44.110,0.0,0.0,0,,,2
2026-06-11T15:12:44.217,0.0,0.0,0,,,2
2026-06-11T15:12:44.332,0.0,0.0,0,,,2
2026-06-11T15:12:44.441,0.0,0.0,0,,,2
2026-06-11T15:12:44.548,0.0,0.0,0,,,2
2026-06-11T15:12:44.659,0.0,0.0,0,,,2
2026-06-11T15:12:44.771,0.0,0.0,0,,,2
2026-06-11T15:12:44.891,0.0,0.0,0,,,2
2026-06-11T15:12:45.006,0.0,0.0,0,,,2
2026-06-11T15:12:45.120,0.0,0.0,0,,,2
2026-06-11T15:12:45.235,0.0,0.0,0,,,2
2026-06-11T15:12:45.356,0.0,0.0,0,,,2
2026-06-11T15:12:45.469,0.0,0.0,0,,,2
2026-06-11T15:12:45.592,0.0,0.0,0,,,2
2026-06-11T15:12:45.705,0.0,0.0,0,,,2
2026-06-11T15:12:45.814,0.0,0.0,0,,,2
2026-06-11T15:12:45.921,0.0,0.0,0,,,2
2026-06-11T15:12:46.041,0.0,0.0,0,,,2
2026-06-11T15:12:46.150,0.0,0.0,0,,,2
2026-06-11T15:12:46.256,0.0,0.0,0,,,2
2026-06-11T15:12:46.367,0.0,0.0,0,,,2
2026-06-11T15:12:46.474,0.0,0.0,0,,,2
2026-06-11T15:12:46.589,0.0,0.0,0,,,2
2026-06-11T15:12:46.698,0.0,0.0,0,,,2
2026-06-11T15:12:46.806,0.0,0.0,0,,,2
2026-06-11T15:12:46.918,0.0,0.0,0,,,2
2026-06-11T15:12:47.023,0.0,0.0,0,,,2
2026-06-11T15:12:47.140,0.0,0.0,0,,,2
2026-06-11T15:12:47.254,0.0,0.0,0,,,2
2026-06-11T15:12:47.373,0.0,0.0,0,,,2
2026-06-11T15:12:47.489,0.0,0.0,0,,,2
2026-06-11T15:12:47.599,0.0,0.0,0,,,2
2026-06-11T15:12:47.708,0.0,0.0,0,,,2
2026-06-11T15:12:47.819,0.0,0.0,0,,,2
2026-06-11T15:12:47.928,0.0,0.0,0,,,2
2026-06-11T15:12:48.041,0.0,0.0,0,,,2
2026-06-11T15:12:48.156,0.0,0.0,0,,,2
2026-06-11T15:12:48.274,0.0,0.0,0,,,2
2026-06-11T15:12:48.388,0.0,0.0,0,,,2
2026-06-11T15:12:48.498,0.0,0.0,0,,,2
2026-06-11T15:12:48.609,0.0,0.0,0,,,2
2026-06-11T15:12:48.718,0.0,0.0,0,,,2
2026-06-11T15:12:48.828,0.0,0.0,0,,,2
2026-06-11T15:12:48.940,0.0,0.0,0,,,2
2026-06-11T15:12:49.053,0.0,0.0,0,,,2
2026-06-11T15:12:49.171,0.0,0.0,0,,,2
2026-06-11T15:12:49.292,0.0,0.0,0,,,2
2026-06-11T15:12:49.399,0.0,0.0,0,,,2
2026-06-11T15:12:49.521,0.0,0.0,0,,,2
2026-06-11T15:12:49.633,0.0,0.0,0,,,2
2026-06-11T15:12:49.743,0.0,0.0,0,,,2
2026-06-11T15:12:49.854,0.0,0.0,0,,,2
2026-06-11T15:12:49.964,0.0,0.0,0,,,2
2026-06-11T15:12:50.093,0.0,0.0,0,,,2
2026-06-11T15:12:50.201,0.0,0.0,0,,,2
2026-06-11T15:12:50.314,0.0,0.0,0,,,2
2026-06-11T15:12:50.421,0.0,0.0,0,,,2
2026-06-11T15:12:50.534,0.0,0.0,0,,,2
2026-06-11T15:12:50.648,0.0,0.0,0,,,2
2026-06-11T15:12:50.768,0.0,0.0,0,,,2
2026-06-11T15:12:50.882,0.0,0.0,0,,,2
2026-06-11T15:12:50.990,0.0,0.0,0,,,2
2026-06-11T15:12:51.103,0.0,0.0,0,,,2
2026-06-11T15:12:51.221,0.0,0.0,0,,,2
2026-06-11T15:12:51.338,0.0,0.0,0,,,2
2026-06-11T15:12:51.450,0.0,0.0,0,,,2
2026-06-11T15:12:51.563,0.0,0.0,0,,,2
2026-06-11T15:12:51.671,0.0,0.0,0,,,2
2026-06-11T15:12:51.781,0.0,0.0,0,,,2
2026-06-11T15:12:51.890,0.0,0.0,0,,,2
2026-06-11T15:12:52.003,0.0,0.0,0,,,2
2026-06-11T15:12:52.115,0.0,0.0,0,,,2
2026-06-11T15:12:52.236,0.0,0.0,0,,,2
2026-06-11T15:12:52.348,0.0,0.0,0,,,2
2026-06-11T15:12:52.462,0.0,0.0,0,,,2
2026-06-11T15:12:52.571,0.0,0.0,0,,,2
2026-06-11T15:12:52.681,0.0,0.0,0,,,2
2026-06-11T15:12:52.794,0.0,0.0,0,,,2
2026-06-11T15:12:52.900,0.0,0.0,0,,,2
2026-06-11T15:12:53.015,0.0,0.0,0,,,2
2026-06-11T15:12:53.122,0.0,0.0,0,,,2
2026-06-11T15:12:53.238,0.0,0.0,0,,,2
2026-06-11T15:12:53.350,0.0,0.0,0,,,2
2026-06-11T15:12:53.471,0.0,0.0,0,,,2
2026-06-11T15:12:53.582,0.0,0.0,0,,,2
2026-06-11T15:12:53.703,0.0,0.0,0,,,2
2026-06-11T15:12:53.816,0.0,0.0,0,,,2
2026-06-11T15:12:53.925,0.0,0.0,0,,,2
2026-06-11T15:12:54.034,0.0,0.0,0,,,2
2026-06-11T15:12:54.145,0.0,0.0,0,,,2
2026-06-11T15:12:54.262,0.0,0.0,0,,,2
2026-06-11T15:12:54.368,0.0,0.0,0,,,2
2026-06-11T15:12:54.476,0.0,0.0,0,,,2
2026-06-11T15:12:54.585,0.0,0.0,0,,,2
2026-06-11T15:12:54.699,0.0,0.0,0,,,2
2026-06-11T15:12:54.807,0.0,0.0,0,,,2
2026-06-11T15:12:54.918,0.0,0.0,0,,,2
2026-06-11T15:12:55.031,0.0,0.0,0,,,2
2026-06-11T15:12:55.143,0.0,0.0,0,,,2
2026-06-11T15:12:55.253,0.0,0.0,0,,,2
2026-06-11T15:12:55.369,0.0,0.0,0,,,2
2026-06-11T15:12:55.484,0.0,0.0,0,,,2
2026-06-11T15:12:55.601,0.0,0.0,0,,,2
2026-06-11T15:12:55.713,0.0,0.0,0,,,2
2026-06-11T15:12:55.821,0.0,0.0,0,,,2
2026-06-11T15:12:55.933,0.0,0.0,0,,,2
2026-06-11T15:12:56.044,0.0,0.0,0,,,2
2026-06-11T15:12:56.153,0.0,0.0,0,,,2
2026-06-11T15:12:56.265,0.0,0.0,0,,,2
2026-06-11T15:12:56.370,0.0,0.0,0,,,2
2026-06-11T15:12:56.482,0.0,0.0,0,,,2
2026-06-11T15:12:56.595,0.0,0.0,0,,,2
2026-06-11T15:12:56.703,0.0,0.0,0,,,2
2026-06-11T15:12:56.812,0.0,0.0,0,,,2
2026-06-11T15:12:56.925,0.0,0.0,0,,,2
2026-06-11T15:12:57.035,0.0,0.0,0,,,2
2026-06-11T15:12:57.148,0.0,0.0,0,,,2
2026-06-11T15:12:57.257,0.0,0.0,0,,,2
2026-06-11T15:12:57.364,0.0,0.0,0,,,2
2026-06-11T15:12:57.482,0.0,0.0,0,,,2
2026-06-11T15:12:57.598,0.0,0.0,0,,,2
2026-06-11T15:12:57.714,0.0,0.0,0,,,2
2026-06-11T15:12:57.829,0.0,0.0,0,,,2
2026-06-11T15:12:57.949,0.0,0.0,0,,,2
2026-06-11T15:12:58.065,0.0,0.0,0,,,2
2026-06-11T15:12:58.175,0.0,0.0,0,,,2
2026-06-11T15:12:58.281,0.0,0.0,0,,,2
2026-06-11T15:12:58.394,0.0,0.0,0,,,2
2026-06-11T15:12:58.500,0.0,0.0,0,,,2
2026-06-11T15:12:58.615,0.0,0.0,0,,,2
2026-06-11T15:12:58.729,0.0,0.0,0,,,2
2026-06-11T15:12:58.847,0.0,0.0,0,,,2
2026-06-11T15:12:58.963,0.0,0.0,0,,,2
2026-06-11T15:12:59.073,0.0,0.0,0,,,2
2026-06-11T15:12:59.184,0.0,0.0,0,,,2
2026-06-11T15:12:59.295,0.0,0.0,0,,,2
2026-06-11T15:12:59.408,0.0,0.0,0,,,2
2026-06-11T15:12:59.516,0.0,0.0,0,,,2
2026-06-11T15:12:59.630,0.0,0.0,0,,,2
2026-06-11T15:12:59.748,0.0,0.0,0,,,2
2026-06-11T15:12:59.861,0.0,0.0,0,,,2
2026-06-11T15:12:59.970,0.0,0.0,0,,,2
2026-06-11T15:13:00.083,0.0,0.0,0,,,2
2026-06-11T15:13:00.192,0.0,0.0,0,,,2
2026-06-11T15:13:00.302,0.0,0.0,0,,,2
2026-06-11T15:13:00.413,0.0,0.0,0,,,2
2026-06-11T15:13:00.521,0.0,0.0,0,,,2
2026-06-11T15:13:00.628,0.0,0.0,0,,,2
2026-06-11T15:13:00.745,0.0,0.0,0,,,2
2026-06-11T15:13:00.858,0.0,0.0,0,,,2
2026-06-11T15:13:00.965,0.0,0.0,0,,,2
2026-06-11T15:13:01.077,0.0,0.0,0,,,2
2026-06-11T15:13:01.187,0.0,0.0,0,,,2
2026-06-11T15:13:01.302,0.0,0.0,0,,,2
2026-06-11T15:13:01.411,0.0,0.0,0,,,2
2026-06-11T15:13:01.526,0.0,0.0,0,,,2
2026-06-11T15:13:01.646,0.0,0.0,0,,,2
2026-06-11T15:13:01.754,0.0,0.0,0,,,2
2026-06-11T15:13:01.863,0.0,0.0,0,,,2
2026-06-11T15:13:01.976,0.0,0.0,0,,,2
2026-06-11T15:13:02.086,0.0,0.0,0,,,2
2026-06-11T15:13:02.198,0.0,0.0,0,,,2
2026-06-11T15:13:02.309,0.0,0.0,0,,,2
2026-06-11T15:13:02.423,0.0,0.0,0,,,2
2026-06-11T15:13:02.528,0.0,0.0,0,,,2
2026-06-11T15:13:02.648,0.0,0.0,0,,,2
2026-06-11T15:13:02.763,0.0,0.0,0,,,2
2026-06-11T15:13:02.877,0.0,0.0,0,,,2
2026-06-11T15:13:02.990,0.0,0.0,0,,,2
2026-06-11T15:13:03.096,0.0,0.0,0,,,2
2026-06-11T15:13:03.210,0.0,0.0,0,,,2
2026-06-11T15:13:03.320,0.0,0.0,0,,,2
2026-06-11T15:13:03.428,0.0,0.0,0,,,2
2026-06-11T15:13:03.542,0.0,0.0,0,,,2
2026-06-11T15:13:03.665,0.0,0.0,0,,,2
2026-06-11T15:13:03.781,0.0,0.0,0,,,2
2026-06-11T15:13:03.892,0.0,0.0,0,,,2
2026-06-11T15:13:04.014,0.0,0.0,0,,,2
2026-06-11T15:13:04.126,0.0,0.0,0,,,2
2026-06-11T15:13:04.241,0.0,0.0,0,,,2
2026-06-11T15:13:04.361,0.0,0.0,0,,,2
2026-06-11T15:13:04.475,0.0,0.0,0,,,2
2026-06-11T15:13:04.595,0.0,0.0,0,,,2
2026-06-11T15:13:04.712,0.0,0.0,0,,,2
2026-06-11T15:13:04.831,0.0,0.0,0,,,2
2026-06-11T15:13:04.945,0.0,0.0,0,,,2
2026-06-11T15:13:05.057,0.0,0.0,0,,,2
2026-06-11T15:13:05.163,0.0,0.0,0,,,2
2026-06-11T15:13:05.275,0.0,0.0,0,,,2
2026-06-11T15:13:05.391,0.0,0.0,0,,,2
2026-06-11T15:13:05.498,0.0,0.0,0,,,2
2026-06-11T15:13:05.607,0.0,0.0,0,,,2
2026-06-11T15:13:05.723,0.0,0.0,0,,,2
2026-06-11T15:13:05.843,0.0,0.0,0,,,2
2026-06-11T15:13:05.958,0.0,0.0,0,,,2
2026-06-11T15:13:06.079,0.0,0.0,0,,,2
2026-06-11T15:13:06.186,0.0,0.0,0,,,2
2026-06-11T15:13:06.301,0.0,0.0,0,,,2
2026-06-11T15:13:06.410,0.0,0.0,0,,,2
2026-06-11T15:13:06.522,0.0,0.0,0,,,2
2026-06-11T15:13:06.638,0.0,0.0,0,,,2
2026-06-11T15:13:06.759,0.0,0.0,0,,,2
2026-06-11T15:13:06.875,0.0,0.0,0,,,2
2026-06-11T15:13:06.995,0.0,0.0,0,,,2
2026-06-11T15:13:07.108,0.0,0.0,0,,,2
2026-06-11T15:13:07.219,0.0,0.0,0,,,2
2026-06-11T15:13:07.329,0.0,0.0,0,,,2
2026-06-11T15:13:07.441,0.0,0.0,0,,,2
2026-06-11T15:13:07.552,0.0,0.0,0,,,2
2026-06-11T15:13:07.661,0.0,0.0,0,,,2
2026-06-11T15:13:07.773,0.0,0.0,0,,,2
2026-06-11T15:13:07.880,0.0,0.0,0,,,2
2026-06-11T15:13:07.990,0.0,0.0,0,,,2
2026-06-11T15:13:08.102,0.0,0.0,0,,,2
2026-06-11T15:13:08.211,0.0,0.0,0,,,2
2026-06-11T15:13:08.322,0.0,0.0,0,,,2
2026-06-11T15:13:08.436,0.0,0.0,0,,,2
2026-06-11T15:13:08.542,0.0,0.0,0,,,2
2026-06-11T15:13:08.654,0.0,0.0,0,,,2
2026-06-11T15:13:08.763,0.0,0.0,0,,,2
2026-06-11T15:13:08.878,0.0,0.0,0,,,2
2026-06-11T15:13:08.992,0.0,0.0,0,,,2
2026-06-11T15:13:09.100,0.0,0.0,0,,,2
2026-06-11T15:13:09.207,0.0,0.0,0,,,2
2026-06-11T15:13:09.319,0.0,0.0,0,,,2
2026-06-11T15:13:09.429,0.0,0.0,0,,,2
2026-06-11T15:13:09.540,0.0,0.0,0,,,2
2026-06-11T15:13:09.648,0.0,0.0,0,,,2
2026-06-11T15:13:09.759,0.0,0.0,0,,,2
2026-06-11T15:13:09.871,0.0,0.0,0,,,2
2026-06-11T15:13:09.976,0.0,0.0,0,,,2
2026-06-11T15:13:10.087,0.0,0.0,0,,,2
2026-06-11T15:13:10.198,0.0,0.0,0,,,2
2026-06-11T15:13:10.311,0.0,0.0,0,,,2
2026-06-11T15:13:10.421,0.0,0.0,0,,,2
2026-06-11T15:13:10.532,0.0,0.0,0,,,2
2026-06-11T15:13:10.644,0.0,0.0,0,,,2
2026-06-11T15:13:10.756,0.0,0.0,0,,,2
2026-06-11T15:13:10.869,0.0,0.0,0,,,2
2026-06-11T15:13:10.976,0.0,0.0,0,,,2
2026-06-11T15:13:11.087,0.0,0.0,0,,,2
2026-06-11T15:13:11.207,0.0,0.0,0,,,2
2026-06-11T15:13:11.321,0.0,0.0,0,,,2
2026-06-11T15:13:11.430,0.0,0.0,0,,,2
2026-06-11T15:13:11.538,0.0,0.0,0,,,2
2026-06-11T15:13:11.651,0.0,0.0,0,,,2
2026-06-11T15:13:11.757,0.0,0.0,0,,,2
2026-06-11T15:13:11.875,0.0,0.0,0,,,2
2026-06-11T15:13:11.984,0.0,0.0,0,,,2
2026-06-11T15:13:12.091,0.0,0.0,0,,,2
2026-06-11T15:13:12.204,0.0,0.0,0,,,2
2026-06-11T15:13:12.314,0.0,0.0,0,,,2
2026-06-11T15:13:12.424,0.0,0.0,0,,,2
2026-06-11T15:13:12.543,0.0,0.0,0,,,2
2026-06-11T15:13:12.654,0.0,0.0,0,,,2
2026-06-11T15:13:12.773,0.0,0.0,0,,,2
2026-06-11T15:13:12.883,0.0,0.0,0,,,2
2026-06-11T15:13:12.993,0.0,0.0,0,,,2
2026-06-11T15:13:13.105,0.0,0.0,0,,,2
2026-06-11T15:13:13.223,0.0,0.0,0,,,2
2026-06-11T15:13:13.339,0.0,0.0,0,,,2
2026-06-11T15:13:13.452,0.0,0.0,0,,,2
2026-06-11T15:13:13.562,0.0,0.0,0,,,2
2026-06-11T15:13:13.672,0.0,0.0,0,,,2
2026-06-11T15:13:13.781,0.0,0.0,0,,,2
2026-06-11T15:13:13.891,0.0,0.0,0,,,2
2026-06-11T15:13:14.002,0.0,0.0,0,,,2
2026-06-11T15:13:14.107,0.0,0.0,0,,,2
2026-06-11T15:13:14.222,0.0,0.0,0,,,2
2026-06-11T15:13:14.339,0.0,0.0,0,,,2
2026-06-11T15:13:14.446,0.0,0.0,0,,,2
2026-06-11T15:13:14.557,0.0,0.0,0,,,2
2026-06-11T15:13:14.667,0.0,0.0,0,,,2
2026-06-11T15:13:14.777,0.0,0.0,0,,,2
2026-06-11T15:13:14.888,0.0,0.0,0,,,2
2026-06-11T15:13:14.999,0.0,0.0,0,,,2
2026-06-11T15:13:15.108,0.0,0.0,0,,,2
2026-06-11T15:13:15.221,0.0,0.0,0,,,2
2026-06-11T15:13:15.333,0.0,0.0,0,,,2
2026-06-11T15:13:15.439,0.0,0.0,0,,,2
2026-06-11T15:13:15.551,0.0,0.0,0,,,2
2026-06-11T15:13:15.664,0.0,0.0,0,,,2
2026-06-11T15:13:15.773,0.0,0.0,0,,,2
2026-06-11T15:13:15.885,0.0,0.0,0,,,2
2026-06-11T15:13:15.999,0.0,0.0,0,,,2
2026-06-11T15:13:16.121,0.0,0.0,0,,,2
2026-06-11T15:13:16.241,0.0,0.0,0,,,2
2026-06-11T15:13:16.357,0.0,0.0,0,,,2
2026-06-11T15:13:16.471,0.0,0.0,0,,,2
2026-06-11T15:13:16.581,0.0,0.0,0,,,2
2026-06-11T15:13:16.689,0.0,0.0,0,,,2
2026-06-11T15:13:16.798,0.0,0.0,0,,,2
2026-06-11T15:13:16.907,0.0,0.0,0,,,2
2026-06-11T15:13:17.020,0.0,0.0,0,,,2
2026-06-11T15:13:17.131,0.0,0.0,0,,,2
2026-06-11T15:13:17.239,0.0,0.0,0,,,2
2026-06-11T15:13:17.351,0.0,0.0,0,,,2
2026-06-11T15:13:17.463,0.0,0.0,0,,,2
2026-06-11T15:13:17.569,0.0,0.0,0,,,2
2026-06-11T15:13:17.680,0.0,0.0,0,,,2
2026-06-11T15:13:17.797,0.0,0.0,0,,,2
2026-06-11T15:13:17.904,0.0,0.0,0,,,2
2026-06-11T15:13:18.013,0.0,0.0,0,,,2
2026-06-11T15:13:18.121,0.0,0.0,0,,,2
2026-06-11T15:13:18.234,0.0,0.0,0,,,2
2026-06-11T15:13:18.354,0.0,0.0,0,,,2
2026-06-11T15:13:18.468,0.0,0.0,0,,,2
2026-06-11T15:13:18.581,0.0,0.0,0,,,2
2026-06-11T15:13:18.692,0.0,0.0,0,,,2
2026-06-11T15:13:18.806,0.0,0.0,0,,,2
2026-06-11T15:13:18.914,0.0,0.0,0,,,2
2026-06-11T15:13:19.021,0.0,0.0,0,,,2
2026-06-11T15:13:19.134,0.0,0.0,0,,,2
2026-06-11T15:13:19.245,0.0,0.0,0,,,2
2026-06-11T15:13:19.355,0.0,0.0,0,,,2
2026-06-11T15:13:19.470,0.0,0.0,0,,,2
2026-06-11T15:13:19.578,0.0,0.0,0,,,2
2026-06-11T15:13:19.688,0.0,0.0,0,,,2
2026-06-11T15:13:19.804,0.0,0.0,0,,,2
2026-06-11T15:13:19.913,0.0,0.0,0,,,2
2026-06-11T15:13:20.021,0.0,0.0,0,,,2
2026-06-11T15:13:20.134,0.0,0.0,0,,,2
2026-06-11T15:13:20.249,0.0,0.0,0,,,2
2026-06-11T15:13:20.370,0.0,0.0,0,,,2
2026-06-11T15:13:20.483,0.0,0.0,0,,,2
2026-06-11T15:13:20.602,0.0,0.0,0,,,2
2026-06-11T15:13:20.713,0.0,0.0,0,,,2
2026-06-11T15:13:20.828,0.0,0.0,0,,,2
2026-06-11T15:13:20.935,0.0,0.0,0,,,2
2026-06-11T15:13:21.046,0.0,0.0,0,,,2
2026-06-11T15:13:21.156,0.0,0.0,0,,,2
2026-06-11T15:13:21.264,0.0,0.0,0,,,2
2026-06-11T15:13:21.376,0.0,0.0,0,,,2
2026-06-11T15:13:21.487,0.0,0.0,0,,,2
2026-06-11T15:13:21.597,0.0,0.0,0,,,2
2026-06-11T15:13:21.708,0.0,0.0,0,,,2
2026-06-11T15:13:21.818,0.0,0.0,0,,,2
2026-06-11T15:13:21.926,0.0,0.0,0,,,2
2026-06-11T15:13:22.038,0.0,0.0,0,,,2
2026-06-11T15:13:22.150,0.0,0.0,0,,,2
2026-06-11T15:13:22.264,0.0,0.0,0,,,2
2026-06-11T15:13:22.369,0.0,0.0,0,,,2
2026-06-11T15:13:22.485,0.0,0.0,0,,,2
2026-06-11T15:13:22.598,0.0,0.0,0,,,2
2026-06-11T15:13:22.716,0.0,0.0,0,,,2
2026-06-11T15:13:22.828,0.0,0.0,0,,,2
2026-06-11T15:13:22.939,0.0,0.0,0,,,2
2026-06-11T15:13:23.050,0.0,0.0,0,,,2
2026-06-11T15:13:23.163,0.0,0.0,0,,,2
2026-06-11T15:13:23.268,0.0,0.0,0,,,2
2026-06-11T15:13:23.383,0.0,0.0,0,,,2
2026-06-11T15:13:23.493,0.0,0.0,0,,,2
2026-06-11T15:13:23.601,0.0,0.0,0,,,2
2026-06-11T15:13:23.710,0.0,0.0,0,,,2
2026-06-11T15:13:23.822,0.0,0.0,0,,,2
2026-06-11T15:13:23.936,0.0,0.0,0,,,2
2026-06-11T15:13:24.045,0.0,0.0,0,,,2
2026-06-11T15:13:24.155,0.0,0.0,0,,,2
2026-06-11T15:13:24.261,0.0,0.0,0,,,2
2026-06-11T15:13:24.377,0.0,0.0,0,,,2
2026-06-11T15:13:24.484,0.0,0.0,0,,,2
2026-06-11T15:13:24.601,0.0,0.0,0,,,2
2026-06-11T15:13:24.714,0.0,0.0,0,,,2
2026-06-11T15:13:24.831,0.0,0.0,0,,,2
2026-06-11T15:13:24.943,0.0,0.0,0,,,2
2026-06-11T15:13:25.054,0.0,0.0,0,,,2
2026-06-11T15:13:25.163,0.0,0.0,0,,,2
2026-06-11T15:13:25.276,0.0,0.0,0,,,2
2026-06-11T15:13:25.385,0.0,0.0,0,,,2
2026-06-11T15:13:25.497,0.0,0.0,0,,,2
2026-06-11T15:13:25.613,0.0,0.0,0,,,2
2026-06-11T15:13:25.732,0.0,0.0,0,,,2
2026-06-11T15:13:25.844,0.0,0.0,0,,,2
2026-06-11T15:13:25.953,0.0,0.0,0,,,2
2026-06-11T15:13:26.064,0.0,0.0,0,,,2
2026-06-11T15:13:26.175,0.0,0.0,0,,,2
2026-06-11T15:13:26.285,0.0,0.0,0,,,2
2026-06-11T15:13:26.397,0.0,0.0,0,,,2
2026-06-11T15:13:26.508,0.0,0.0,0,,,2
2026-06-11T15:13:26.617,0.0,0.0,0,,,2
2026-06-11T15:13:26.729,0.0,0.0,0,,,2
2026-06-11T15:13:26.841,0.0,0.0,0,,,2
2026-06-11T15:13:26.949,0.0,0.0,0,,,2
2026-06-11T15:13:27.064,0.0,0.0,0,,,2
2026-06-11T15:13:27.201,0.0,0.0,0,,,2
2026-06-11T15:13:27.311,0.0,0.0,0,,,2
2026-06-11T15:13:27.420,0.0,0.0,0,,,2
2026-06-11T15:13:27.530,0.0,0.0,0,,,2
2026-06-11T15:13:27.646,0.0,0.0,0,,,2
2026-06-11T15:13:27.762,0.0,0.0,0,,,2
2026-06-11T15:13:27.877,0.0,0.0,0,,,2
2026-06-11T15:13:27.988,0.0,0.0,0,,,2
2026-06-11T15:13:28.093,0.0,0.0,0,,,2
2026-06-11T15:13:28.211,0.0,0.0,0,,,2
2026-06-11T15:13:28.321,0.0,0.0,0,,,2
2026-06-11T15:13:28.428,0.0,0.0,0,,,2
2026-06-11T15:13:28.542,0.0,0.0,0,,,2
2026-06-11T15:13:28.654,0.0,0.0,0,,,2
2026-06-11T15:13:28.770,0.0,0.0,0,,,2
2026-06-11T15:13:28.888,0.0,0.0,0,,,2
2026-06-11T15:13:28.999,0.0,0.0,0,,,2
2026-06-11T15:13:29.113,0.0,0.0,0,,,2
2026-06-11T15:13:29.220,0.0,0.0,0,,,2
2026-06-11T15:13:29.329,0.0,0.0,0,,,2
2026-06-11T15:13:29.443,0.0,0.0,0,,,2
2026-06-11T15:13:29.552,0.0,0.0,0,,,2
2026-06-11T15:13:29.663,0.0,0.0,0,,,2
2026-06-11T15:13:29.787,0.0,0.0,0,,,2
2026-06-11T15:13:29.900,0.0,0.0,0,,,2
2026-06-11T15:13:30.012,0.0,0.0,0,,,2
2026-06-11T15:13:30.124,0.0,0.0,0,,,2
2026-06-11T15:13:30.232,0.0,0.0,0,,,2
2026-06-11T15:13:30.346,0.0,0.0,0,,,2
2026-06-11T15:13:30.458,0.0,0.0,0,,,2
2026-06-11T15:13:30.563,0.0,0.0,0,,,2
2026-06-11T15:13:30.675,0.0,0.0,0,,,2
2026-06-11T15:13:30.800,0.0,0.0,0,,,2
2026-06-11T15:13:30.910,0.0,0.0,0,,,2
2026-06-11T15:13:31.022,0.0,0.0,0,,,2
2026-06-11T15:13:31.132,0.0,0.0,0,,,2
2026-06-11T15:13:31.245,0.0,0.0,0,,,2
2026-06-11T15:13:31.356,0.0,0.0,0,,,2
2026-06-11T15:13:31.481,0.0,0.0,0,,,2
2026-06-11T15:13:31.589,0.0,0.0,0,,,2
2026-06-11T15:13:31.700,0.0,0.0,0,,,2
2026-06-11T15:13:31.814,0.0,0.0,0,,,2
2026-06-11T15:13:31.927,0.0,0.0,0,,,2
2026-06-11T15:13:32.043,0.0,0.0,0,,,2
2026-06-11T15:13:32.163,0.0,0.0,0,,,2
2026-06-11T15:13:32.270,0.0,0.0,0,,,2
2026-06-11T15:13:32.377,0.0,0.0,0,,,2
2026-06-11T15:13:32.491,0.0,0.0,0,,,2
2026-06-11T15:13:32.606,0.0,0.0,0,,,2
2026-06-11T15:13:32.716,0.0,0.0,0,,,2
2026-06-11T15:13:32.828,0.0,0.0,0,,,2
2026-06-11T15:13:32.939,0.0,0.0,0,,,2
2026-06-11T15:13:33.055,0.0,0.0,0,,,2
2026-06-11T15:13:33.165,0.0,0.0,0,,,2
2026-06-11T15:13:33.271,0.0,0.0,0,,,2
2026-06-11T15:13:33.389,0.0,0.0,0,,,2
2026-06-11T15:13:33.508,0.0,0.0,0,,,2
2026-06-11T15:13:33.620,0.0,0.0,0,,,2
2026-06-11T15:13:33.725,0.0,0.0,0,,,2
2026-06-11T15:13:33.837,0.0,0.0,0,,,2
2026-06-11T15:13:33.952,0.0,0.0,0,,,2
2026-06-11T15:13:34.062,0.0,0.0,0,,,2
2026-06-11T15:13:34.177,0.0,0.0,0,,,2
2026-06-11T15:13:34.285,0.0,0.0,0,,,2
2026-06-11T15:13:34.397,0.0,0.0,0,,,2
2026-06-11T15:13:34.509,0.0,0.0,0,,,2
2026-06-11T15:13:34.621,0.0,0.0,0,,,2
2026-06-11T15:13:34.734,0.0,0.0,0,,,2
2026-06-11T15:13:34.848,0.0,0.0,0,,,2
2026-06-11T15:13:34.955,0.0,0.0,0,,,2
2026-06-11T15:13:35.074,0.0,0.0,0,,,2
2026-06-11T15:13:35.188,0.0,0.0,0,,,2
2026-06-11T15:13:35.300,0.0,0.0,0,,,2
2026-06-11T15:13:35.408,0.0,0.0,0,,,2
2026-06-11T15:13:35.523,0.0,0.0,0,,,2
2026-06-11T15:13:35.635,0.0,0.0,0,,,2
2026-06-11T15:13:35.743,0.0,0.0,0,,,2
2026-06-11T15:13:35.854,0.0,0.0,0,,,2
2026-06-11T15:13:35.966,0.0,0.0,0,,,2
2026-06-11T15:13:36.080,0.0,0.0,0,,,2
2026-06-11T15:13:36.194,0.0,0.0,0,,,2
2026-06-11T15:13:36.302,0.0,0.0,0,,,2
2026-06-11T15:13:36.414,0.0,0.0,0,,,2
2026-06-11T15:13:36.523,0.0,0.0,0,,,2
2026-06-11T15:13:36.639,0.0,0.0,0,,,2
2026-06-11T15:13:36.748,0.0,0.0,0,,,2
2026-06-11T15:13:36.862,0.0,0.0,0,,,2
2026-06-11T15:13:36.978,0.0,0.0,0,,,2
2026-06-11T15:13:37.093,0.0,0.0,0,,,2
2026-06-11T15:13:37.211,0.0,0.0,0,,,2
2026-06-11T15:13:37.323,0.0,0.0,0,,,2
2026-06-11T15:13:37.434,0.0,0.0,0,,,2
2026-06-11T15:13:37.549,0.0,0.0,0,,,2
2026-06-11T15:13:37.660,0.0,0.0,0,,,2
2026-06-11T15:13:37.774,0.0,0.0,0,,,2
2026-06-11T15:13:37.885,0.0,0.0,0,,,2
2026-06-11T15:13:37.998,0.0,0.0,0,,,2
2026-06-11T15:13:38.111,0.0,0.0,0,,,2
2026-06-11T15:13:38.221,0.0,0.0,0,,,2
2026-06-11T15:13:38.332,0.0,0.0,0,,,2
2026-06-11T15:13:38.444,0.0,0.0,0,,,2
2026-06-11T15:13:38.553,0.0,0.0,0,,,2
2026-06-11T15:13:38.673,0.0,0.0,0,,,2
2026-06-11T15:13:38.790,0.0,0.0,0,,,2
2026-06-11T15:13:38.905,0.0,0.0,0,,,2
2026-06-11T15:13:39.011,0.0,0.0,0,,,2
2026-06-11T15:13:39.136,0.0,0.0,0,,,2
2026-06-11T15:13:39.244,0.0,0.0,0,,,2
2026-06-11T15:13:39.364,0.0,0.0,0,,,2
2026-06-11T15:13:39.476,0.0,0.0,0,,,2
2026-06-11T15:13:39.584,0.0,0.0,0,,,2
2026-06-11T15:13:39.696,0.0,0.0,0,,,2
2026-06-11T15:13:39.806,0.0,0.0,0,,,2
2026-06-11T15:13:39.922,0.0,0.0,0,,,2
2026-06-11T15:13:40.034,0.0,0.0,0,,,2
2026-06-11T15:13:40.139,0.0,0.0,0,,,2
2026-06-11T15:13:40.260,0.0,0.0,0,,,2
2026-06-11T15:13:40.373,0.0,0.0,0,,,2
2026-06-11T15:13:40.480,0.0,0.0,0,,,2
2026-06-11T15:13:40.591,0.0,0.0,0,,,2
2026-06-11T15:13:40.702,0.0,0.0,0,,,2
2026-06-11T15:13:40.822,0.0,0.0,0,,,2
2026-06-11T15:13:40.928,0.0,0.0,0,,,2
2026-06-11T15:13:41.046,0.0,0.0,0,,,2
2026-06-11T15:13:41.156,0.0,0.0,0,,,2
2026-06-11T15:13:41.269,0.0,0.0,0,,,2
2026-06-11T15:13:41.391,0.0,0.0,0,,,2
2026-06-11T15:13:41.508,0.0,0.0,0,,,2
2026-06-11T15:13:41.615,0.0,0.0,0,,,2
2026-06-11T15:13:41.732,0.0,0.0,0,,,2
2026-06-11T15:13:41.837,0.0,0.0,0,,,2
2026-06-11T15:13:41.955,0.0,0.0,0,,,2
2026-06-11T15:13:42.073,0.0,0.0,0,,,2
2026-06-11T15:13:42.182,0.0,0.0,0,,,2
2026-06-11T15:13:42.294,0.0,0.0,0,,,2
2026-06-11T15:13:42.408,0.0,0.0,0,,,2
2026-06-11T15:13:42.518,0.0,0.0,0,,,2
2026-06-11T15:13:42.626,0.0,0.0,0,,,2
2026-06-11T15:13:42.737,0.0,0.0,0,,,2
2026-06-11T15:13:42.848,0.0,0.0,0,,,2
2026-06-11T15:13:42.958,0.0,0.0,0,,,2
2026-06-11T15:13:43.071,0.0,0.0,0,,,2
2026-06-11T15:13:43.183,0.0,0.0,0,,,2
2026-06-11T15:13:43.302,0.0,0.0,0,,,2
2026-06-11T15:13:43.413,0.0,0.0,0,,,2
2026-06-11T15:13:43.535,0.0,0.0,0,,,2
2026-06-11T15:13:43.648,0.0,0.0,0,,,2
2026-06-11T15:13:43.763,0.0,0.0,0,,,2
2026-06-11T15:13:43.870,0.0,0.0,0,,,2
2026-06-11T15:13:43.983,0.0,0.0,0,,,2
2026-06-11T15:13:44.098,0.0,0.0,0,,,2
2026-06-11T15:13:44.214,0.0,0.0,0,,,2
2026-06-11T15:13:44.321,0.0,0.0,0,,,2
2026-06-11T15:13:44.439,0.0,0.0,0,,,2
2026-06-11T15:13:44.550,0.0,0.0,0,,,2
2026-06-11T15:13:44.664,0.0,0.0,0,,,2
2026-06-11T15:13:44.776,0.0,0.0,0,,,2
2026-06-11T15:13:44.887,0.0,0.0,0,,,2
2026-06-11T15:13:45.007,0.0,0.0,0,,,2
2026-06-11T15:13:45.117,0.0,0.0,0,,,2
2026-06-11T15:13:45.232,0.0,0.0,0,,,2
2026-06-11T15:13:45.352,0.0,0.0,0,,,2
2026-06-11T15:13:45.469,0.0,0.0,0,,,2
2026-06-11T15:13:45.582,0.0,0.0,0,,,2
2026-06-11T15:13:45.694,0.0,0.0,0,,,2
2026-06-11T15:13:45.809,0.0,0.0,0,,,2
2026-06-11T15:13:45.918,0.0,0.0,0,,,2
2026-06-11T15:13:46.028,0.0,0.0,0,,,2
2026-06-11T15:13:46.139,0.0,0.0,0,,,2
2026-06-11T15:13:46.258,0.0,0.0,0,,,2
2026-06-11T15:13:46.371,0.0,0.0,0,,,2
2026-06-11T15:13:46.492,0.0,0.0,0,,,2
2026-06-11T15:13:46.608,0.0,0.0,0,,,2
2026-06-11T15:13:46.725,0.0,0.0,0,,,2
2026-06-11T15:13:46.833,0.0,0.0,0,,,2
2026-06-11T15:13:46.944,0.0,0.0,0,,,2
2026-06-11T15:13:47.062,0.0,0.0,0,,,2
2026-06-11T15:13:47.172,0.0,0.0,0,,,2
2026-06-11T15:13:47.286,0.0,0.0,0,,,2
2026-06-11T15:13:47.398,0.0,0.0,0,,,2
2026-06-11T15:13:47.521,0.0,0.0,0,,,2
2026-06-11T15:13:47.638,0.0,0.0,0,,,2
2026-06-11T15:13:47.749,0.0,0.0,0,,,2
2026-06-11T15:13:47.867,0.0,0.0,0,,,2
2026-06-11T15:13:47.978,0.0,0.0,0,,,2
2026-06-11T15:13:48.096,0.0,0.0,0,,,2
2026-06-11T15:13:48.206,0.0,0.0,0,,,2
2026-06-11T15:13:48.315,0.0,0.0,0,,,2
2026-06-11T15:13:48.430,0.0,0.0,0,,,2
2026-06-11T15:13:48.549,0.0,0.0,0,,,2
2026-06-11T15:13:48.655,0.0,0.0,0,,,2
2026-06-11T15:13:48.770,0.0,0.0,0,,,2
2026-06-11T15:13:48.898,0.0,0.0,0,,,2
2026-06-11T15:13:49.011,0.0,0.0,0,,,2
2026-06-11T15:13:49.120,0.0,0.0,0,,,2
2026-06-11T15:13:49.230,0.0,0.0,0,,,2
2026-06-11T15:13:49.347,0.0,0.0,0,,,2
2026-06-11T15:13:49.459,0.0,0.0,0,,,2
2026-06-11T15:13:49.573,0.0,0.0,0,,,2
2026-06-11T15:13:49.683,0.0,0.0,0,,,2
2026-06-11T15:13:49.798,0.0,0.0,0,,,2
2026-06-11T15:13:49.914,0.0,0.0,0,,,2
2026-06-11T15:13:50.027,0.0,0.0,0,,,2
2026-06-11T15:13:50.136,0.0,0.0,0,,,2
2026-06-11T15:13:50.250,0.0,0.0,0,,,2
2026-06-11T15:13:50.363,0.0,0.0,0,,,2
2026-06-11T15:13:50.470,0.0,0.0,0,,,2
2026-06-11T15:13:50.590,0.0,0.0,0,,,2
2026-06-11T15:13:50.704,0.0,0.0,0,,,2
2026-06-11T15:13:50.823,0.0,0.0,0,,,2
2026-06-11T15:13:50.937,0.0,0.0,0,,,2
2026-06-11T15:13:51.060,0.0,0.0,0,,,2
2026-06-11T15:13:51.171,0.0,0.0,0,,,2
2026-06-11T15:13:51.285,0.0,0.0,0,,,2
2026-06-11T15:13:51.392,0.0,0.0,0,,,2
2026-06-11T15:13:51.502,0.0,0.0,0,,,2
2026-06-11T15:13:51.627,0.0,0.0,0,,,2
2026-06-11T15:13:51.740,0.0,0.0,0,,,2
2026-06-11T15:13:51.851,0.0,0.0,0,,,2
2026-06-11T15:13:51.960,0.0,0.0,0,,,2
2026-06-11T15:13:52.073,0.0,0.0,0,,,2
2026-06-11T15:13:52.185,0.0,0.0,0,,,2
2026-06-11T15:13:52.301,0.0,0.0,0,,,2
2026-06-11T15:13:52.412,0.0,0.0,0,,,2
2026-06-11T15:13:52.527,0.0,0.0,0,,,2
2026-06-11T15:13:52.633,0.0,0.0,0,,,2
2026-06-11T15:13:52.746,0.0,0.0,0,,,2
2026-06-11T15:13:52.868,0.0,0.0,0,,,2
2026-06-11T15:13:52.980,0.0,0.0,0,,,2
2026-06-11T15:13:53.095,0.0,0.0,0,,,2
2026-06-11T15:13:53.212,0.0,0.0,0,,,2
2026-06-11T15:13:53.320,0.0,0.0,0,,,2
2026-06-11T15:13:53.437,0.0,0.0,0,,,2
2026-06-11T15:13:53.546,0.0,0.0,0,,,2
2026-06-11T15:13:53.656,0.0,0.0,0,,,2
2026-06-11T15:13:53.768,0.0,0.0,0,,,2
2026-06-11T15:13:53.884,0.0,0.0,0,,,2
2026-06-11T15:13:53.997,0.0,0.0,0,,,2
2026-06-11T15:13:54.107,0.0,0.0,0,,,2
2026-06-11T15:13:54.218,0.0,0.0,0,,,2
2026-06-11T15:13:54.330,0.0,0.0,0,,,2
2026-06-11T15:13:54.437,0.0,0.0,0,,,2
2026-06-11T15:13:54.547,0.0,0.0,0,,,2
2026-06-11T15:13:54.664,0.0,0.0,0,,,2
2026-06-11T15:13:54.772,0.0,0.0,0,,,2
2026-06-11T15:13:54.885,0.0,0.0,0,,,2
2026-06-11T15:13:54.994,0.0,0.0,0,,,2
2026-06-11T15:13:55.108,0.0,0.0,0,,,2
2026-06-11T15:13:55.216,0.0,0.0,0,,,2
2026-06-11T15:13:55.326,0.0,0.0,0,,,2
2026-06-11T15:13:55.439,0.0,0.0,0,,,2
2026-06-11T15:13:55.552,0.0,0.0,0,,,2
2026-06-11T15:13:55.668,0.0,0.0,0,,,2
2026-06-11T15:13:55.782,0.0,0.0,0,,,2
2026-06-11T15:13:55.893,0.0,0.0,0,,,2
2026-06-11T15:13:56.001,0.0,0.0,0,,,2
2026-06-11T15:13:56.112,0.0,0.0,0,,,2
2026-06-11T15:13:56.235,0.0,0.0,0,,,2
2026-06-11T15:13:56.344,0.0,0.0,0,,,2
2026-06-11T15:13:56.457,0.0,0.0,0,,,2
2026-06-11T15:13:56.581,0.0,0.0,0,,,2
2026-06-11T15:13:56.703,0.0,0.0,0,,,2
2026-06-11T15:13:56.808,0.0,0.0,0,,,2
2026-06-11T15:13:56.922,0.0,0.0,0,,,2
2026-06-11T15:13:57.036,0.0,0.0,0,,,2
2026-06-11T15:13:57.150,0.0,0.0,0,,,2
2026-06-11T15:13:57.263,0.0,0.0,0,,,2
2026-06-11T15:13:57.376,0.0,0.0,0,,,2
2026-06-11T15:13:57.490,0.0,0.0,0,,,2
2026-06-11T15:13:57.601,0.0,0.0,0,,,2
2026-06-11T15:13:57.711,0.0,0.0,0,,,2
2026-06-11T15:13:57.849,0.0,0.0,0,,,2
2026-06-11T15:13:57.961,0.0,0.0,0,,,2
2026-06-11T15:13:58.074,0.0,0.0,0,,,2
2026-06-11T15:13:58.187,0.0,0.0,0,,,2
2026-06-11T15:13:58.293,0.0,0.0,0,,,2
2026-06-11T15:13:58.407,0.0,0.0,0,,,2
2026-06-11T15:13:58.519,0.0,0.0,0,,,2
2026-06-11T15:13:58.628,0.0,0.0,0,,,2
2026-06-11T15:13:58.743,0.0,0.0,0,,,2
2026-06-11T15:13:58.855,0.0,0.0,0,,,2
2026-06-11T15:13:58.981,0.0,0.0,0,,,2
2026-06-11T15:13:59.089,0.0,0.0,0,,,2
2026-06-11T15:13:59.204,0.0,0.0,0,,,2
2026-06-11T15:13:59.322,0.0,0.0,0,,,2
2026-06-11T15:13:59.431,0.0,0.0,0,,,2
2026-06-11T15:13:59.540,0.0,0.0,0,,,2
2026-06-11T15:13:59.651,0.0,0.0,0,,,2
2026-06-11T15:13:59.763,0.0,0.0,0,,,2
2026-06-11T15:13:59.872,0.0,0.0,0,,,2
2026-06-11T15:13:59.990,0.0,0.0,0,,,2
2026-06-11T15:14:00.098,0.0,0.0,0,,,2
2026-06-11T15:14:00.205,0.0,0.0,0,,,2
2026-06-11T15:14:00.312,0.0,0.0,0,,,2
2026-06-11T15:14:00.426,0.0,0.0,0,,,2
2026-06-11T15:14:00.540,0.0,0.0,0,,,2
2026-06-11T15:14:00.651,0.0,0.0,0,,,2
2026-06-11T15:14:00.757,0.0,0.0,0,,,2
2026-06-11T15:14:00.867,0.0,0.0,0,,,2
2026-06-11T15:14:00.979,0.0,0.0,0,,,2
2026-06-11T15:14:01.097,0.0,0.0,0,,,2
2026-06-11T15:14:01.205,0.0,0.0,0,,,2
2026-06-11T15:14:01.315,0.0,0.0,0,,,2
2026-06-11T15:14:01.430,0.0,0.0,0,,,2
2026-06-11T15:14:01.540,0.0,0.0,0,,,2
2026-06-11T15:14:01.671,0.0,0.0,0,,,2
2026-06-11T15:14:01.779,0.0,0.0,0,,,2
2026-06-11T15:14:01.894,0.0,0.0,0,,,2
2026-06-11T15:14:02.003,0.0,0.0,0,,,2
2026-06-11T15:14:02.116,0.0,0.0,0,,,2
2026-06-11T15:14:02.232,0.0,0.0,0,,,2
2026-06-11T15:14:02.342,0.0,0.0,0,,,2
2026-06-11T15:14:02.453,0.0,0.0,0,,,2
2026-06-11T15:14:02.569,0.0,0.0,0,,,2
2026-06-11T15:14:02.683,0.0,0.0,0,,,2
2026-06-11T15:14:02.797,0.0,0.0,0,,,2
2026-06-11T15:14:02.912,0.0,0.0,0,,,2
2026-06-11T15:14:03.020,0.0,0.0,0,,,2
2026-06-11T15:14:03.133,0.0,0.0,0,,,2
2026-06-11T15:14:03.247,0.0,0.0,0,,,2
2026-06-11T15:14:03.359,0.0,0.0,0,,,2
2026-06-11T15:14:03.477,0.0,0.0,0,,,2
2026-06-11T15:14:03.592,0.0,0.0,0,,,2
2026-06-11T15:14:03.700,0.0,0.0,0,,,2
2026-06-11T15:14:03.811,0.0,0.0,0,,,2
2026-06-11T15:14:03.920,0.0,0.0,0,,,2
2026-06-11T15:14:04.033,0.0,0.0,0,,,2
2026-06-11T15:14:04.148,0.0,0.0,0,,,2
2026-06-11T15:14:04.260,0.0,0.0,0,,,2
2026-06-11T15:14:04.370,0.0,0.0,0,,,2
2026-06-11T15:14:04.486,0.0,0.0,0,,,2
2026-06-11T15:14:04.598,0.0,0.0,0,,,2
2026-06-11T15:14:04.712,0.0,0.0,0,,,2
2026-06-11T15:14:04.825,0.0,0.0,0,,,2
2026-06-11T15:14:04.937,0.0,0.0,0,,,2
2026-06-11T15:14:05.050,0.0,0.0,0,,,2
2026-06-11T15:14:05.157,0.0,0.0,0,,,2
2026-06-11T15:14:05.264,0.0,0.0,0,,,2
2026-06-11T15:14:05.382,0.0,0.0,0,,,2
2026-06-11T15:14:05.492,0.0,0.0,0,,,2
2026-06-11T15:14:05.612,0.0,0.0,0,,,2
2026-06-11T15:14:05.725,0.0,0.0,0,,,2
2026-06-11T15:14:05.836,0.0,0.0,0,,,2
2026-06-11T15:14:05.953,0.0,0.0,0,,,2
2026-06-11T15:14:06.064,0.0,0.0,0,,,2
2026-06-11T15:14:06.182,0.0,0.0,0,,,2
2026-06-11T15:14:06.295,0.0,0.0,0,,,2
2026-06-11T15:14:06.406,0.0,0.0,0,,,2
2026-06-11T15:14:06.516,0.0,0.0,0,,,2
2026-06-11T15:14:06.628,0.0,0.0,0,,,2
2026-06-11T15:14:06.734,0.0,0.0,0,,,2
2026-06-11T15:14:06.849,0.0,0.0,0,,,2
2026-06-11T15:14:06.964,0.0,0.0,0,,,2
2026-06-11T15:14:07.081,0.0,0.0,0,,,2
2026-06-11T15:14:07.216,0.0,0.0,0,,,2
2026-06-11T15:14:07.326,0.0,0.0,0,,,2
2026-06-11T15:14:07.444,0.0,0.0,0,,,2
2026-06-11T15:14:07.554,0.0,0.0,0,,,2
2026-06-11T15:14:07.666,0.0,0.0,0,,,2
2026-06-11T15:14:07.774,0.0,0.0,0,,,2
2026-06-11T15:14:07.892,0.0,0.0,0,,,2
2026-06-11T15:14:08.008,0.0,0.0,0,,,2
2026-06-11T15:14:08.122,0.0,0.0,0,,,2
2026-06-11T15:14:08.228,0.0,0.0,0,,,2
2026-06-11T15:14:08.341,0.0,0.0,0,,,2
2026-06-11T15:14:08.456,0.0,0.0,0,,,2
2026-06-11T15:14:08.579,0.0,0.0,0,,,2
2026-06-11T15:14:08.692,0.0,0.0,0,,,2
2026-06-11T15:14:08.804,0.0,0.0,0,,,2
2026-06-11T15:14:08.911,0.0,0.0,0,,,2
2026-06-11T15:14:09.022,0.0,0.0,0,,,2
2026-06-11T15:14:09.133,0.0,0.0,0,,,2
2026-06-11T15:14:09.244,0.0,0.0,0,,,2
2026-06-11T15:14:09.350,0.0,0.0,0,,,2
2026-06-11T15:14:09.463,0.0,0.0,0,,,2
2026-06-11T15:14:09.579,0.0,0.0,0,,,2
2026-06-11T15:14:09.687,0.0,0.0,0,,,2
2026-06-11T15:14:09.793,0.0,0.0,0,,,2
2026-06-11T15:14:09.905,0.0,0.0,0,,,2
2026-06-11T15:14:10.017,0.0,0.0,0,,,2
2026-06-11T15:14:10.130,0.0,0.0,0,,,2
2026-06-11T15:14:10.241,0.0,0.0,0,,,2
2026-06-11T15:14:10.357,0.0,0.0,0,,,2
2026-06-11T15:14:10.470,0.0,0.0,0,,,2
2026-06-11T15:14:10.583,0.0,0.0,0,,,2
2026-06-11T15:14:10.694,0.0,0.0,0,,,2
2026-06-11T15:14:10.807,0.0,0.0,0,,,2
2026-06-11T15:14:10.919,0.0,0.0,0,,,2
2026-06-11T15:14:11.027,0.0,0.0,0,,,2
2026-06-11T15:14:11.141,0.0,0.0,0,,,2
2026-06-11T15:14:11.253,0.0,0.0,0,,,2
2026-06-11T15:14:11.366,0.0,0.0,0,,,2
2026-06-11T15:14:11.477,0.0,0.0,0,,,2
2026-06-11T15:14:11.589,0.0,0.0,0,,,2
2026-06-11T15:14:11.708,0.0,0.0,0,,,2
2026-06-11T15:14:11.819,0.0,0.0,0,,,2
2026-06-11T15:14:11.941,0.0,0.0,0,,,2
2026-06-11T15:14:12.050,0.0,0.0,0,,,2
2026-06-11T15:14:12.164,0.0,0.0,0,,,2
2026-06-11T15:14:12.270,0.0,0.0,0,,,2
2026-06-11T15:14:12.383,0.0,0.0,0,,,2
2026-06-11T15:14:12.492,0.0,0.0,0,,,2
2026-06-11T15:14:12.601,0.0,0.0,0,,,2
2026-06-11T15:14:12.714,0.0,0.0,0,,,2
2026-06-11T15:14:12.823,0.0,0.0,0,,,2
2026-06-11T15:14:12.935,0.0,0.0,0,,,2
2026-06-11T15:14:13.041,0.0,0.0,0,,,2
2026-06-11T15:14:13.156,0.0,0.0,0,,,2
2026-06-11T15:14:13.264,0.0,0.0,0,,,2
2026-06-11T15:14:13.367,0.0,0.0,0,,,2
2026-06-11T15:14:13.487,0.0,0.0,0,,,2
2026-06-11T15:14:13.595,0.0,0.0,0,,,2
2026-06-11T15:14:13.702,0.0,0.0,0,,,2
2026-06-11T15:14:13.814,0.0,0.0,0,,,2
2026-06-11T15:14:13.925,0.0,0.0,0,,,2
2026-06-11T15:14:14.034,0.0,0.0,0,,,2
2026-06-11T15:14:14.148,0.0,0.0,0,,,2
2026-06-11T15:14:14.258,0.0,0.0,0,,,2
2026-06-11T15:14:14.366,0.0,0.0,0,,,2
2026-06-11T15:14:14.483,0.0,0.0,0,,,2
2026-06-11T15:14:14.607,0.0,0.0,0,,,2
2026-06-11T15:14:14.717,0.0,0.0,0,,,2
2026-06-11T15:14:14.828,0.0,0.0,0,,,2
2026-06-11T15:14:14.950,0.0,0.0,0,,,2
2026-06-11T15:14:15.064,0.0,0.0,0,,,2
2026-06-11T15:14:15.174,0.0,0.0,0,,,2
2026-06-11T15:14:15.291,0.0,0.0,0,,,2
2026-06-11T15:14:15.401,0.0,0.0,0,,,2
2026-06-11T15:14:15.509,0.0,0.0,0,,,2
2026-06-11T15:14:15.624,0.0,0.0,0,,,2
2026-06-11T15:14:15.736,0.0,0.0,0,,,2
2026-06-11T15:14:15.858,0.0,0.0,0,,,2
2026-06-11T15:14:15.969,0.0,0.0,0,,,2
2026-06-11T15:14:16.079,0.0,0.0,0,,,2
2026-06-11T15:14:16.185,0.0,0.0,0,,,2
2026-06-11T15:14:16.294,0.0,0.0,0,,,2
2026-06-11T15:14:16.403,0.0,0.0,0,,,2
2026-06-11T15:14:16.520,0.0,0.0,0,,,2
2026-06-11T15:14:16.649,0.0,0.0,0,,,2
2026-06-11T15:14:16.769,0.0,0.0,0,,,2
2026-06-11T15:14:16.880,0.0,0.0,0,,,2
2026-06-11T15:14:16.991,0.0,0.0,0,,,2
2026-06-11T15:14:17.098,0.0,0.0,0,,,2
2026-06-11T15:14:17.211,0.0,0.0,0,,,2
2026-06-11T15:14:17.323,0.0,0.0,0,,,2
2026-06-11T15:14:17.442,0.0,0.0,0,,,2
2026-06-11T15:14:17.564,0.0,0.0,0,,,2
2026-06-11T15:14:17.679,0.0,0.0,0,,,2
2026-06-11T15:14:17.788,0.0,0.0,0,,,2
2026-06-11T15:14:17.903,0.0,0.0,0,,,2
2026-06-11T15:14:18.025,0.0,0.0,0,,,2
2026-06-11T15:14:18.134,0.0,0.0,0,,,2
2026-06-11T15:14:18.245,0.0,0.0,0,,,2
2026-06-11T15:14:18.357,0.0,0.0,0,,,2
2026-06-11T15:14:18.471,0.0,0.0,0,,,2
2026-06-11T15:14:18.583,0.0,0.0,0,,,2
2026-06-11T15:14:18.713,0.0,0.0,0,,,2
2026-06-11T15:14:18.826,0.0,0.0,0,,,2
2026-06-11T15:14:18.946,0.0,0.0,0,,,2
2026-06-11T15:14:19.052,0.0,0.0,0,,,2
2026-06-11T15:14:19.169,0.0,0.0,0,,,2
2026-06-11T15:14:19.280,0.0,0.0,0,,,2
2026-06-11T15:14:19.445,0.0,0.0,0,,,2
2026-06-11T15:14:19.559,0.0,0.0,0,,,2
2026-06-11T15:14:19.678,0.0,0.0,0,,,2
2026-06-11T15:14:19.796,0.0,0.0,0,,,2
2026-06-11T15:14:19.905,0.0,0.0,0,,,2
2026-06-11T15:14:20.010,0.0,0.0,0,,,2
2026-06-11T15:14:20.130,0.0,0.0,0,,,2
2026-06-11T15:14:20.241,0.0,0.0,0,,,2
2026-06-11T15:14:20.350,0.0,0.0,0,,,2
2026-06-11T15:14:20.462,0.0,0.0,0,,,2
2026-06-11T15:14:20.574,0.0,0.0,0,,,2
2026-06-11T15:14:20.690,0.0,0.0,0,,,2
2026-06-11T15:14:20.799,0.0,0.0,0,,,2
2026-06-11T15:14:20.910,0.0,0.0,0,,,2
2026-06-11T15:14:21.026,0.0,0.0,0,,,2
2026-06-11T15:14:21.134,0.0,0.0,0,,,2
2026-06-11T15:14:21.248,0.0,0.0,0,,,2
2026-06-11T15:14:21.362,0.0,0.0,0,,,2
2026-06-11T15:14:21.476,0.0,0.0,0,,,2
2026-06-11T15:14:21.596,0.0,0.0,0,,,2
2026-06-11T15:14:21.707,0.0,0.0,0,,,2
2026-06-11T15:14:21.826,0.0,0.0,0,,,2
2026-06-11T15:14:21.943,0.0,0.0,0,,,2
2026-06-11T15:14:22.053,0.0,0.0,0,,,2
2026-06-11T15:14:22.165,0.0,0.0,0,,,2
2026-06-11T15:14:22.279,0.0,0.0,0,,,2
2026-06-11T15:14:22.391,0.0,0.0,0,,,2
2026-06-11T15:14:22.502,0.0,0.0,0,,,2
2026-06-11T15:14:22.612,0.0,0.0,0,,,2
2026-06-11T15:14:22.716,0.0,0.0,0,,,2
2026-06-11T15:14:22.822,0.0,0.0,0,,,2
2026-06-11T15:14:22.931,0.0,0.0,0,,,2
2026-06-11T15:14:23.046,0.0,0.0,0,,,2
2026-06-11T15:14:23.151,0.0,0.0,0,,,2
2026-06-11T15:14:23.266,0.0,0.0,0,,,2
2026-06-11T15:14:23.374,0.0,0.0,0,,,2
2026-06-11T15:14:23.490,0.0,0.0,0,,,2
2026-06-11T15:14:23.605,0.0,0.0,0,,,2
2026-06-11T15:14:23.712,0.0,0.0,0,,,2
2026-06-11T15:14:23.826,0.0,0.0,0,,,2
2026-06-11T15:14:23.940,0.0,0.0,0,,,2
2026-06-11T15:14:24.059,0.0,0.0,0,,,2
2026-06-11T15:14:24.174,0.0,0.0,0,,,2
2026-06-11T15:14:24.296,0.0,0.0,0,,,2
2026-06-11T15:14:24.407,0.0,0.0,0,,,2
2026-06-11T15:14:24.521,0.0,0.0,0,,,2
2026-06-11T15:14:24.643,0.0,0.0,0,,,2
2026-06-11T15:14:24.747,0.0,0.0,0,,,2
2026-06-11T15:14:24.855,0.0,0.0,0,,,2
2026-06-11T15:14:24.960,0.0,0.0,0,,,2
2026-06-11T15:14:25.065,0.0,0.0,0,,,2
2026-06-11T15:14:25.168,0.0,0.0,0,,,2
2026-06-11T15:14:25.274,0.0,0.0,0,,,2
2026-06-11T15:14:25.378,0.0,0.0,0,,,2
2026-06-11T15:14:25.483,0.0,0.0,0,,,2
2026-06-11T15:14:25.587,0.0,0.0,0,,,2
2026-06-11T15:14:25.692,0.0,0.0,0,,,2
2026-06-11T15:14:25.797,0.0,0.0,0,,,2
2026-06-11T15:14:25.901,0.0,0.0,0,,,2
2026-06-11T15:14:26.005,0.0,0.0,0,,,2
2026-06-11T15:14:26.109,0.0,0.0,0,,,2
2026-06-11T15:14:26.214,0.0,0.0,0,,,2
2026-06-11T15:14:26.318,0.0,0.0,0,,,2
2026-06-11T15:14:26.425,0.0,0.0,0,,,2
2026-06-11T15:14:26.530,0.0,0.0,0,,,2
2026-06-11T15:14:26.636,0.0,0.0,0,,,2
2026-06-11T15:14:26.742,0.0,0.0,0,,,2
2026-06-11T15:14:26.847,0.0,0.0,0,,,2
2026-06-11T15:14:26.951,0.0,0.0,0,,,2
2026-06-11T15:14:27.056,0.0,0.0,0,,,2
2026-06-11T15:14:27.159,0.0,0.0,0,,,2
2026-06-11T15:14:27.263,0.0,0.0,0,,,2
2026-06-11T15:14:27.368,0.0,0.0,0,,,2
2026-06-11T15:14:27.473,0.0,0.0,0,,,2
2026-06-11T15:14:27.578,0.0,0.0,0,,,2
2026-06-11T15:14:27.683,0.0,0.0,0,,,2
2026-06-11T15:14:27.788,0.0,0.0,0,,,2
2026-06-11T15:14:27.893,0.0,0.0,0,,,2
2026-06-11T15:14:27.998,0.0,0.0,0,,,2
2026-06-11T15:14:28.103,0.0,0.0,0,,,2
2026-06-11T15:14:28.206,0.0,0.0,0,,,2
2026-06-11T15:14:28.311,0.0,0.0,0,,,2
2026-06-11T15:14:28.416,0.0,0.0,0,,,2
2026-06-11T15:14:28.519,0.0,0.0,0,,,2
2026-06-11T15:14:28.624,0.0,0.0,0,,,2
2026-06-11T15:14:28.730,0.0,0.0,0,,,2
2026-06-11T15:14:28.834,0.0,0.0,0,,,2
2026-06-11T15:14:28.939,0.0,0.0,0,,,2
2026-06-11T15:14:29.044,0.0,0.0,0,,,2
2026-06-11T15:14:29.148,0.0,0.0,0,,,2
2026-06-11T15:14:29.255,0.0,0.0,0,,,2
2026-06-11T15:14:29.359,0.0,0.0,0,,,2
2026-06-11T15:14:29.461,0.0,0.0,0,,,2
2026-06-11T15:14:29.564,0.0,0.0,0,,,2
2026-06-11T15:14:29.669,0.0,0.0,0,,,2
2026-06-11T15:14:29.774,0.0,0.0,0,,,2
2026-06-11T15:14:29.878,0.0,0.0,0,,,2
2026-06-11T15:14:29.982,0.0,0.0,0,,,2
2026-06-11T15:14:30.086,0.0,0.0,0,,,2
2026-06-11T15:14:30.189,0.0,0.0,0,,,2
2026-06-11T15:14:30.293,0.0,0.0,0,,,2
2026-06-11T15:14:30.396,0.0,0.0,0,,,2
2026-06-11T15:14:30.501,0.0,0.0,0,,,2
2026-06-11T15:14:30.605,0.0,0.0,0,,,2
2026-06-11T15:14:30.709,0.0,0.0,0,,,2
2026-06-11T15:14:30.812,0.0,0.0,0,,,2
2026-06-11T15:14:30.917,0.0,0.0,0,,,2
2026-06-11T15:14:31.021,0.0,0.0,0,,,2
2026-06-11T15:14:31.125,0.0,0.0,0,,,2
2026-06-11T15:14:31.230,0.0,0.0,0,,,2
2026-06-11T15:14:31.333,0.0,0.0,0,,,2
2026-06-11T15:14:31.439,0.0,0.0,0,,,2
2026-06-11T15:14:31.543,0.0,0.0,0,,,2
2026-06-11T15:14:31.648,0.0,0.0,0,,,2
2026-06-11T15:14:31.753,0.0,0.0,0,,,2
2026-06-11T15:14:31.859,0.0,0.0,0,,,2
2026-06-11T15:14:31.964,0.0,0.0,0,,,2
2026-06-11T15:14:32.069,0.0,0.0,0,,,2
2026-06-11T15:14:32.173,0.0,0.0,0,,,2
2026-06-11T15:14:32.285,0.0,0.0,0,,,2
2026-06-11T15:14:32.388,0.0,0.0,0,,,2
2026-06-11T15:14:32.493,0.0,0.0,0,,,2
2026-06-11T15:14:32.598,0.0,0.0,0,,,2
2026-06-11T15:14:32.703,0.0,0.0,0,,,2
2026-06-11T15:14:32.807,0.0,0.0,0,,,2
2026-06-11T15:14:32.911,0.0,0.0,0,,,2
2026-06-11T15:14:33.018,0.0,0.0,0,,,2
2026-06-11T15:14:33.123,0.0,0.0,0,,,2
2026-06-11T15:14:33.227,0.0,0.0,0,,,2
2026-06-11T15:14:33.333,0.0,0.0,0,,,2
2026-06-11T15:14:33.438,0.0,0.0,0,,,2
2026-06-11T15:14:33.543,0.0,0.0,0,,,2
2026-06-11T15:14:33.648,0.0,0.0,0,,,2
2026-06-11T15:14:33.754,0.0,0.0,0,,,2
2026-06-11T15:14:33.859,0.0,0.0,0,,,2
2026-06-11T15:14:33.963,0.0,0.0,0,,,2
2026-06-11T15:14:34.067,0.0,0.0,0,,,2
2026-06-11T15:14:34.170,0.0,0.0,0,,,2
2026-06-11T15:14:34.274,0.0,0.0,0,,,2
2026-06-11T15:14:34.376,0.0,0.0,0,,,2
2026-06-11T15:14:34.480,0.0,0.0,0,,,2
2026-06-11T15:14:34.583,0.0,0.0,0,,,2
2026-06-11T15:14:34.688,0.0,0.0,0,,,2
2026-06-11T15:14:34.791,0.0,0.0,0,,,2
2026-06-11T15:14:34.895,0.0,0.0,0,,,2
2026-06-11T15:14:34.999,0.0,0.0,0,,,2
2026-06-11T15:14:35.104,0.0,0.0,0,,,2
2026-06-11T15:14:35.209,0.0,0.0,0,,,2
2026-06-11T15:14:35.314,0.0,0.0,0,,,2
2026-06-11T15:14:35.418,0.0,0.0,0,,,2
2026-06-11T15:14:35.522,0.0,0.0,0,,,2
2026-06-11T15:14:35.628,0.0,0.0,0,,,2
2026-06-11T15:14:35.732,0.0,0.0,0,,,2
2026-06-11T15:14:35.836,0.0,0.0,0,,,2
2026-06-11T15:14:35.941,0.0,0.0,0,,,2
2026-06-11T15:14:36.044,0.0,0.0,0,,,2
2026-06-11T15:14:36.148,0.0,0.0,0,,,2
2026-06-11T15:14:36.251,0.0,0.0,0,,,2
2026-06-11T15:14:36.355,0.0,0.0,0,,,2
2026-06-11T15:14:36.458,0.0,0.0,0,,,2
2026-06-11T15:14:36.562,0.0,0.0,0,,,2
2026-06-11T15:14:36.666,0.0,0.0,0,,,2
2026-06-11T15:14:36.769,0.0,0.0,0,,,2
2026-06-11T15:14:36.872,0.0,0.0,0,,,2
2026-06-11T15:14:36.975,0.0,0.0,0,,,2
2026-06-11T15:14:37.078,0.0,0.0,0,,,2
2026-06-11T15:14:37.181,0.0,0.0,0,,,2
2026-06-11T15:14:37.283,0.0,0.0,0,,,2
2026-06-11T15:14:37.386,0.0,0.0,0,,,2
2026-06-11T15:14:37.488,0.0,0.0,0,,,2
2026-06-11T15:14:37.591,0.0,0.0,0,,,2
2026-06-11T15:14:37.693,0.0,0.0,0,,,2
2026-06-11T15:14:37.800,0.0,0.0,0,,,2
2026-06-11T15:14:37.907,0.0,0.0,0,,,2
2026-06-11T15:14:38.017,0.0,0.0,0,,,2
2026-06-11T15:14:38.131,0.0,0.0,0,,,2
2026-06-11T15:14:38.241,0.0,0.0,0,,,2
2026-06-11T15:14:38.345,0.0,0.0,0,,,2
2026-06-11T15:14:38.465,0.0,0.0,0,,,2
2026-06-11T15:14:38.576,0.0,0.0,0,,,2
2026-06-11T15:14:38.691,0.0,0.0,0,,,2
2026-06-11T15:14:38.807,0.0,0.0,0,,,2
2026-06-11T15:14:38.917,0.0,0.0,0,,,2
2026-06-11T15:14:39.027,0.0,0.0,0,,,2
2026-06-11T15:14:39.148,0.0,0.0,0,,,2
2026-06-11T15:14:39.285,0.0,0.0,0,,,2
2026-06-11T15:14:39.400,0.0,0.0,0,,,2
2026-06-11T15:14:39.514,0.0,0.0,0,,,2
2026-06-11T15:14:39.620,0.0,0.0,0,,,2
2026-06-11T15:14:39.730,0.0,0.0,0,,,2
2026-06-11T15:14:39.842,0.0,0.0,0,,,2
2026-06-11T15:14:39.949,0.0,0.0,0,,,2
2026-06-11T15:14:40.060,0.0,0.0,0,,,2
2026-06-11T15:14:40.174,0.0,0.0,0,,,2
2026-06-11T15:14:40.283,0.0,0.0,0,,,2
2026-06-11T15:14:40.398,0.0,0.0,0,,,2
2026-06-11T15:14:40.509,0.0,0.0,0,,,2
2026-06-11T15:14:40.632,0.0,0.0,0,,,2
2026-06-11T15:14:40.742,0.0,0.0,0,,,2
2026-06-11T15:14:40.850,0.0,0.0,0,,,2
2026-06-11T15:14:40.965,0.0,0.0,0,,,2
2026-06-11T15:14:41.076,0.0,0.0,0,,,2
2026-06-11T15:14:41.201,0.0,0.0,0,,,2
2026-06-11T15:14:41.314,0.0,0.0,0,,,2
2026-06-11T15:14:41.431,0.0,0.0,0,,,2
2026-06-11T15:14:41.548,0.0,0.0,0,,,2
2026-06-11T15:14:41.659,0.0,0.0,0,,,2
2026-06-11T15:14:41.770,0.0,0.0,0,,,2
2026-06-11T15:14:41.883,0.0,0.0,0,,,2
2026-06-11T15:14:41.995,0.0,0.0,0,,,2
2026-06-11T15:14:42.105,0.0,0.0,0,,,2
2026-06-11T15:14:42.219,0.0,0.0,0,,,2
2026-06-11T15:14:42.331,0.0,0.0,0,,,2
2026-06-11T15:14:42.447,0.0,0.0,0,,,2
2026-06-11T15:14:42.561,0.0,0.0,0,,,2
2026-06-11T15:14:42.676,0.0,0.0,0,,,2
2026-06-11T15:14:42.784,0.0,0.0,0,,,2
2026-06-11T15:14:42.898,0.0,0.0,0,,,2
2026-06-11T15:14:43.010,0.0,0.0,0,,,2
2026-06-11T15:14:43.125,0.0,0.0,0,,,2
2026-06-11T15:14:43.240,0.0,0.0,0,,,2
2026-06-11T15:14:43.348,0.0,0.0,0,,,2
2026-06-11T15:14:43.462,0.0,0.0,0,,,2
2026-06-11T15:14:43.570,0.0,0.0,0,,,2
2026-06-11T15:14:43.684,0.0,0.0,0,,,2
2026-06-11T15:14:43.791,0.0,0.0,0,,,2
2026-06-11T15:14:43.900,0.0,0.0,0,,,2
2026-06-11T15:14:44.012,0.0,0.0,0,,,2
2026-06-11T15:14:44.129,0.0,0.0,0,,,2
2026-06-11T15:14:44.247,0.0,0.0,0,,,2
2026-06-11T15:14:44.357,0.0,0.0,0,,,2
2026-06-11T15:14:44.462,0.0,0.0,0,,,2
2026-06-11T15:14:44.576,0.0,0.0,0,,,2
2026-06-11T15:14:44.687,0.0,0.0,0,,,2
2026-06-11T15:14:44.792,0.0,0.0,0,,,2
2026-06-11T15:14:44.914,0.0,0.0,0,,,2
2026-06-11T15:14:45.021,0.0,0.0,0,,,2
2026-06-11T15:14:45.125,0.0,0.0,0,,,2
2026-06-11T15:14:45.236,0.0,0.0,0,,,2
2026-06-11T15:14:45.352,0.0,0.0,0,,,2
2026-06-11T15:14:45.458,0.0,0.0,0,,,2
2026-06-11T15:14:45.574,0.0,0.0,0,,,2
2026-06-11T15:14:45.694,0.0,0.0,0,,,2
2026-06-11T15:14:45.803,0.0,0.0,0,,,2
2026-06-11T15:14:45.916,0.0,0.0,0,,,2
2026-06-11T15:14:46.030,0.0,0.0,0,,,2
2026-06-11T15:14:46.140,0.0,0.0,0,,,2
2026-06-11T15:14:46.249,0.0,0.0,0,,,2
2026-06-11T15:14:46.367,0.0,0.0,0,,,2
2026-06-11T15:14:46.478,0.0,0.0,0,,,2
2026-06-11T15:14:46.584,0.0,0.0,0,,,2
2026-06-11T15:14:46.694,0.0,0.0,0,,,2
2026-06-11T15:14:46.812,0.0,0.0,0,,,2
2026-06-11T15:14:46.916,0.0,0.0,0,,,2
2026-06-11T15:14:47.022,0.0,0.0,0,,,2
2026-06-11T15:14:47.135,0.0,0.0,0,,,2
2026-06-11T15:14:47.250,0.0,0.0,0,,,2
2026-06-11T15:14:47.360,0.0,0.0,0,,,2
2026-06-11T15:14:47.473,0.0,0.0,0,,,2
2026-06-11T15:14:47.592,0.0,0.0,0,,,2
2026-06-11T15:14:47.706,0.0,0.0,0,,,2
2026-06-11T15:14:47.823,0.0,0.0,0,,,2
2026-06-11T15:14:47.937,0.0,0.0,0,,,2
2026-06-11T15:14:48.048,0.0,0.0,0,,,2
2026-06-11T15:14:48.159,0.0,0.0,0,,,2
2026-06-11T15:14:48.269,0.0,0.0,0,,,2
2026-06-11T15:14:48.382,0.0,0.0,0,,,2
2026-06-11T15:14:48.496,0.0,0.0,0,,,2
2026-06-11T15:14:48.604,0.0,0.0,0,,,2
2026-06-11T15:14:48.711,0.0,0.0,0,,,2
2026-06-11T15:14:48.825,0.0,0.0,0,,,2
2026-06-11T15:14:48.937,0.0,0.0,0,,,2
2026-06-11T15:14:49.052,0.0,0.0,0,,,2
2026-06-11T15:14:49.162,0.0,0.0,0,,,2
2026-06-11T15:14:49.274,0.0,0.0,0,,,2
2026-06-11T15:14:49.388,0.0,0.0,0,,,2
2026-06-11T15:14:49.498,0.0,0.0,0,,,2
2026-06-11T15:14:49.614,0.0,0.0,0,,,2
2026-06-11T15:14:49.731,0.0,0.0,0,,,2
2026-06-11T15:14:49.840,0.0,0.0,0,,,2
2026-06-11T15:14:49.951,0.0,0.0,0,,,2
2026-06-11T15:14:50.063,0.0,0.0,0,,,2
2026-06-11T15:14:50.176,0.0,0.0,0,,,2
2026-06-11T15:14:50.289,0.0,0.0,0,,,2
2026-06-11T15:14:50.403,0.0,0.0,0,,,2
2026-06-11T15:14:50.511,0.0,0.0,0,,,2
2026-06-11T15:14:50.626,0.0,0.0,0,,,2
2026-06-11T15:14:50.734,0.0,0.0,0,,,2
2026-06-11T15:14:50.846,0.0,0.0,0,,,2
2026-06-11T15:14:50.957,0.0,0.0,0,,,2
2026-06-11T15:14:51.067,0.0,0.0,0,,,2
2026-06-11T15:14:51.190,0.0,0.0,0,,,2
2026-06-11T15:14:51.298,0.0,0.0,0,,,2
2026-06-11T15:14:51.416,0.0,0.0,0,,,2
2026-06-11T15:14:51.529,0.0,0.0,0,,,2
2026-06-11T15:14:51.633,0.0,0.0,0,,,2
2026-06-11T15:14:51.750,0.0,0.0,0,,,2
2026-06-11T15:14:51.866,0.0,0.0,0,,,2
2026-06-11T15:14:51.977,0.0,0.0,0,,,2
2026-06-11T15:14:52.084,0.0,0.0,0,,,2
2026-06-11T15:14:52.195,0.0,0.0,0,,,2
2026-06-11T15:14:52.306,0.0,0.0,0,,,2
2026-06-11T15:14:52.414,0.0,0.0,0,,,2
2026-06-11T15:14:52.524,0.0,0.0,0,,,2
2026-06-11T15:14:52.640,0.0,0.0,0,,,2
2026-06-11T15:14:52.754,0.0,0.0,0,,,2
2026-06-11T15:14:52.877,0.0,0.0,0,,,2
2026-06-11T15:14:52.992,0.0,0.0,0,,,2
2026-06-11T15:14:53.102,0.0,0.0,0,,,2
2026-06-11T15:14:53.221,0.0,0.0,0,,,2
2026-06-11T15:14:53.328,0.0,0.0,0,,,2
2026-06-11T15:14:53.442,0.0,0.0,0,,,2
2026-06-11T15:14:53.554,0.0,0.0,0,,,2
2026-06-11T15:14:53.665,0.0,0.0,0,,,2
2026-06-11T15:14:53.778,0.0,0.0,0,,,2
2026-06-11T15:14:53.890,0.0,0.0,0,,,2
2026-06-11T15:14:54.005,0.0,0.0,0,,,2
2026-06-11T15:14:54.119,0.0,0.0,0,,,2
2026-06-11T15:14:54.239,0.0,0.0,0,,,2
2026-06-11T15:14:54.350,0.0,0.0,0,,,2
2026-06-11T15:14:54.457,0.0,0.0,0,,,2
2026-06-11T15:14:54.574,0.0,0.0,0,,,2
2026-06-11T15:14:54.683,0.0,0.0,0,,,2
2026-06-11T15:14:54.795,0.0,0.0,0,,,2
2026-06-11T15:14:54.911,0.0,0.0,0,,,2
2026-06-11T15:14:55.024,0.0,0.0,0,,,2
2026-06-11T15:14:55.143,0.0,0.0,0,,,2
2026-06-11T15:14:55.257,0.0,0.0,0,,,2
2026-06-11T15:14:55.365,0.0,0.0,0,,,2
2026-06-11T15:14:55.472,0.0,0.0,0,,,2
2026-06-11T15:14:55.580,0.0,0.0,0,,,2
2026-06-11T15:14:55.695,0.0,0.0,0,,,2
2026-06-11T15:14:55.809,0.0,0.0,0,,,2
2026-06-11T15:14:55.915,0.0,0.0,0,,,2
2026-06-11T15:14:56.023,0.0,0.0,0,,,2
2026-06-11T15:14:56.135,0.0,0.0,0,,,2
2026-06-11T15:14:56.250,0.0,0.0,0,,,2
2026-06-11T15:14:56.357,0.0,0.0,0,,,2
2026-06-11T15:14:56.466,0.0,0.0,0,,,2
2026-06-11T15:14:56.585,0.0,0.0,0,,,2
2026-06-11T15:14:56.696,0.0,0.0,0,,,2
2026-06-11T15:14:56.810,0.0,0.0,0,,,2
2026-06-11T15:14:56.917,0.0,0.0,0,,,2
2026-06-11T15:14:57.033,0.0,0.0,0,,,2
2026-06-11T15:14:57.145,0.0,0.0,0,,,2
2026-06-11T15:14:57.253,0.0,0.0,0,,,2
2026-06-11T15:14:57.362,0.0,0.0,0,,,2
2026-06-11T15:14:57.472,0.0,0.0,0,,,2
2026-06-11T15:14:57.586,0.0,0.0,0,,,2
2026-06-11T15:14:57.696,0.0,0.0,0,,,2
2026-06-11T15:14:57.809,0.0,0.0,0,,,2
2026-06-11T15:14:57.916,0.0,0.0,0,,,2
2026-06-11T15:14:58.042,0.0,0.0,0,,,2
2026-06-11T15:14:58.151,0.0,0.0,0,,,2
2026-06-11T15:14:58.271,0.0,0.0,0,,,2
2026-06-11T15:14:58.389,0.0,0.0,0,,,2
2026-06-11T15:14:58.500,0.0,0.0,0,,,2
2026-06-11T15:14:58.614,0.0,0.0,0,,,2
2026-06-11T15:14:58.721,0.0,0.0,0,,,2
2026-06-11T15:14:58.835,0.0,0.0,0,,,2
2026-06-11T15:14:58.949,0.0,0.0,0,,,2
2026-06-11T15:14:59.053,0.0,0.0,0,,,2
2026-06-11T15:14:59.169,0.0,0.0,0,,,2
2026-06-11T15:14:59.276,0.0,0.0,0,,,2
2026-06-11T15:14:59.390,0.0,0.0,0,,,2
2026-06-11T15:14:59.500,0.0,0.0,0,,,2
2026-06-11T15:14:59.617,0.0,0.0,0,,,2
2026-06-11T15:14:59.733,0.0,0.0,0,,,2
2026-06-11T15:14:59.844,0.0,0.0,0,,,2
2026-06-11T15:14:59.954,0.0,0.0,0,,,2
2026-06-11T15:15:00.071,0.0,0.0,0,,,2
2026-06-11T15:15:00.182,0.0,0.0,0,,,2
2026-06-11T15:15:00.294,0.0,0.0,0,,,2
2026-06-11T15:15:00.407,0.0,0.0,0,,,2
2026-06-11T15:15:00.519,0.0,0.0,0,,,2
2026-06-11T15:15:00.635,0.0,0.0,0,,,2
2026-06-11T15:15:00.744,0.0,0.0,0,,,2
2026-06-11T15:15:00.856,0.0,0.0,0,,,2
2026-06-11T15:15:00.970,0.0,0.0,0,,,2
2026-06-11T15:15:01.086,0.0,0.0,0,,,2
2026-06-11T15:15:01.200,0.0,0.0,0,,,2
2026-06-11T15:15:01.315,0.0,0.0,0,,,2
2026-06-11T15:15:01.423,0.0,0.0,0,,,2
2026-06-11T15:15:01.541,0.0,0.0,0,,,2
2026-06-11T15:15:01.650,0.0,0.0,0,,,2
2026-06-11T15:15:01.766,0.0,0.0,0,,,2
2026-06-11T15:15:01.876,0.0,0.0,0,,,2
2026-06-11T15:15:01.987,0.0,0.0,0,,,2
2026-06-11T15:15:02.100,0.0,0.0,0,,,2
2026-06-11T15:15:02.212,0.0,0.0,0,,,2
2026-06-11T15:15:02.328,0.0,0.0,0,,,2
2026-06-11T15:15:02.441,0.0,0.0,0,,,2
2026-06-11T15:15:02.551,0.0,0.0,0,,,2
2026-06-11T15:15:02.670,0.0,0.0,0,,,2
2026-06-11T15:15:02.776,0.0,0.0,0,,,2
2026-06-11T15:15:02.892,0.0,0.0,0,,,2
2026-06-11T15:15:03.008,0.0,0.0,0,,,2
2026-06-11T15:15:03.120,0.0,0.0,0,,,2
2026-06-11T15:15:03.237,0.0,0.0,0,,,2
2026-06-11T15:15:03.355,0.0,0.0,0,,,2
2026-06-11T15:15:03.474,0.0,0.0,0,,,2
2026-06-11T15:15:03.584,0.0,0.0,0,,,2
2026-06-11T15:15:03.695,0.0,0.0,0,,,2
2026-06-11T15:15:03.800,0.0,0.0,0,,,2
2026-06-11T15:15:03.913,0.0,0.0,0,,,2
2026-06-11T15:15:04.044,0.0,0.0,0,,,2
2026-06-11T15:15:04.166,0.0,0.0,0,,,2
2026-06-11T15:15:04.280,0.0,0.0,0,,,2
2026-06-11T15:15:04.394,0.0,0.0,0,,,2
2026-06-11T15:15:04.513,0.0,0.0,0,,,2
2026-06-11T15:15:04.627,0.0,0.0,0,,,2
2026-06-11T15:15:04.736,0.0,0.0,0,,,2
2026-06-11T15:15:04.843,0.0,0.0,0,,,2
2026-06-11T15:15:04.954,0.0,0.0,0,,,2
2026-06-11T15:15:05.065,0.0,0.0,0,,,2
2026-06-11T15:15:05.179,0.0,0.0,0,,,2
2026-06-11T15:15:05.288,0.0,0.0,0,,,2
2026-06-11T15:15:05.397,0.0,0.0,0,,,2
2026-06-11T15:15:05.511,0.0,0.0,0,,,2
2026-06-11T15:15:05.633,0.0,0.0,0,,,2
2026-06-11T15:15:05.745,0.0,0.0,0,,,2
2026-06-11T15:15:05.859,0.0,0.0,0,,,2
2026-06-11T15:15:05.969,0.0,0.0,0,,,2
2026-06-11T15:15:06.080,0.0,0.0,0,,,2
2026-06-11T15:15:06.194,0.0,0.0,0,,,2
2026-06-11T15:15:06.312,0.0,0.0,0,,,2
2026-06-11T15:15:06.428,0.0,0.0,0,,,2
2026-06-11T15:15:06.549,0.0,0.0,0,,,2
2026-06-11T15:15:06.663,0.0,0.0,0,,,2
2026-06-11T15:15:06.776,0.0,0.0,0,,,2
2026-06-11T15:15:06.887,0.0,0.0,0,,,2
2026-06-11T15:15:06.998,0.0,0.0,0,,,2
2026-06-11T15:15:07.114,0.0,0.0,0,,,2
2026-06-11T15:15:07.221,0.0,0.0,0,,,2
2026-06-11T15:15:07.338,0.0,0.0,0,,,2
2026-06-11T15:15:07.456,0.0,0.0,0,,,2
2026-06-11T15:15:07.571,0.0,0.0,0,,,2
2026-06-11T15:15:07.684,0.0,0.0,0,,,2
2026-06-11T15:15:07.792,0.0,0.0,0,,,2
2026-06-11T15:15:07.904,0.0,0.0,0,,,2
2026-06-11T15:15:08.021,0.0,0.0,0,,,2
2026-06-11T15:15:08.129,0.0,0.0,0,,,2
2026-06-11T15:15:08.242,0.0,0.0,0,,,2
2026-06-11T15:15:08.372,0.0,0.0,0,,,2
2026-06-11T15:15:08.486,0.0,0.0,0,,,2
2026-06-11T15:15:08.597,0.0,0.0,0,,,2
2026-06-11T15:15:08.708,0.0,0.0,0,,,2
2026-06-11T15:15:08.823,0.0,0.0,0,,,2
2026-06-11T15:15:08.932,0.0,0.0,0,,,2
2026-06-11T15:15:09.039,0.0,0.0,0,,,2
2026-06-11T15:15:09.149,0.0,0.0,0,,,2
2026-06-11T15:15:09.259,0.0,0.0,0,,,2
2026-06-11T15:15:09.373,0.0,0.0,0,,,2
2026-06-11T15:15:09.490,0.0,0.0,0,,,2
2026-06-11T15:15:09.613,0.0,0.0,0,,,2
2026-06-11T15:15:09.721,0.0,0.0,0,,,2
2026-06-11T15:15:09.832,0.0,0.0,0,,,2
2026-06-11T15:15:09.936,0.0,0.0,0,,,2
2026-06-11T15:15:10.059,0.0,0.0,0,,,2
2026-06-11T15:15:10.174,0.0,0.0,0,,,2
2026-06-11T15:15:10.287,0.0,0.0,0,,,2
2026-06-11T15:15:10.397,0.0,0.0,0,,,2
2026-06-11T15:15:10.517,0.0,0.0,0,,,2
2026-06-11T15:15:10.627,0.0,0.0,0,,,2
2026-06-11T15:15:10.739,0.0,0.0,0,,,2
2026-06-11T15:15:10.846,0.0,0.0,0,,,2
2026-06-11T15:15:10.960,0.0,0.0,0,,,2
2026-06-11T15:15:11.068,0.0,0.0,0,,,2
2026-06-11T15:15:11.179,0.0,0.0,0,,,2
2026-06-11T15:15:11.292,0.0,0.0,0,,,2
2026-06-11T15:15:11.395,0.0,0.0,0,,,2
2026-06-11T15:15:11.513,0.0,0.0,0,,,2
2026-06-11T15:15:11.628,0.0,0.0,0,,,2
2026-06-11T15:15:11.751,0.0,0.0,0,,,2
2026-06-11T15:15:11.860,0.0,0.0,0,,,2
2026-06-11T15:15:11.970,0.0,0.0,0,,,2
2026-06-11T15:15:12.075,0.0,0.0,0,,,2
2026-06-11T15:15:12.195,0.0,0.0,0,,,2
2026-06-11T15:15:12.311,0.0,0.0,0,,,2
2026-06-11T15:15:12.424,0.0,0.0,0,,,2
2026-06-11T15:15:12.531,0.0,0.0,0,,,2
2026-06-11T15:15:12.645,0.0,0.0,0,,,2
2026-06-11T15:15:12.757,0.0,0.0,0,,,2
2026-06-11T15:15:12.861,0.0,0.0,0,,,2
2026-06-11T15:15:12.981,0.0,0.0,0,,,2
2026-06-11T15:15:13.093,0.0,0.0,0,,,2
2026-06-11T15:15:13.206,0.0,0.0,0,,,2
2026-06-11T15:15:13.319,0.0,0.0,0,,,2
2026-06-11T15:15:13.435,0.0,0.0,0,,,2
2026-06-11T15:15:13.546,0.0,0.0,0,,,2
2026-06-11T15:15:13.665,0.0,0.0,0,,,2
2026-06-11T15:15:13.779,0.0,0.0,0,,,2
2026-06-11T15:15:13.884,0.0,0.0,0,,,2
2026-06-11T15:15:13.991,0.0,0.0,0,,,2
2026-06-11T15:15:14.096,0.0,0.0,0,,,2
2026-06-11T15:15:14.208,0.0,0.0,0,,,2
2026-06-11T15:15:14.322,0.0,0.0,0,,,2
2026-06-11T15:15:14.431,0.0,0.0,0,,,2
2026-06-11T15:15:14.545,0.0,0.0,0,,,2
2026-06-11T15:15:14.657,0.0,0.0,0,,,2
2026-06-11T15:15:14.769,0.0,0.0,0,,,2
2026-06-11T15:15:14.884,0.0,0.0,0,,,2
2026-06-11T15:15:14.990,0.0,0.0,0,,,2
2026-06-11T15:15:15.108,0.0,0.0,0,,,2
2026-06-11T15:15:15.216,0.0,0.0,0,,,2
2026-06-11T15:15:15.331,0.0,0.0,0,,,2
2026-06-11T15:15:15.445,0.0,0.0,0,,,2
2026-06-11T15:15:15.555,0.0,0.0,0,,,2
2026-06-11T15:15:15.672,0.0,0.0,0,,,2
2026-06-11T15:15:15.786,0.0,0.0,0,,,2
2026-06-11T15:15:15.900,0.0,0.0,0,,,2
2026-06-11T15:15:16.009,0.0,0.0,0,,,2
2026-06-11T15:15:16.120,0.0,0.0,0,,,2
2026-06-11T15:15:16.234,0.0,0.0,0,,,2
2026-06-11T15:15:16.346,0.0,0.0,0,,,2
2026-06-11T15:15:16.458,0.0,0.0,0,,,2
2026-06-11T15:15:16.573,0.0,0.0,0,,,2
2026-06-11T15:15:16.685,0.0,0.0,0,,,2
2026-06-11T15:15:16.799,0.0,0.0,0,,,2
2026-06-11T15:15:16.911,0.0,0.0,0,,,2
2026-06-11T15:15:17.022,0.0,0.0,0,,,2
2026-06-11T15:15:17.128,0.0,0.0,0,,,2
2026-06-11T15:15:17.243,0.0,0.0,0,,,2
2026-06-11T15:15:17.358,0.0,0.0,0,,,2
2026-06-11T15:15:17.463,0.0,0.0,0,,,2
2026-06-11T15:15:17.578,0.0,0.0,0,,,2
2026-06-11T15:15:17.686,0.0,0.0,0,,,2
2026-06-11T15:15:17.793,0.0,0.0,0,,,2
2026-06-11T15:15:17.909,0.0,0.0,0,,,2
2026-06-11T15:15:18.020,0.0,0.0,0,,,2
2026-06-11T15:15:18.127,0.0,0.0,0,,,2
2026-06-11T15:15:18.239,0.0,0.0,0,,,2
2026-06-11T15:15:18.358,0.0,0.0,0,,,2
2026-06-11T15:15:18.467,0.0,0.0,0,,,2
2026-06-11T15:15:18.578,0.0,0.0,0,,,2
2026-06-11T15:15:18.695,0.0,0.0,0,,,2
2026-06-11T15:15:18.812,0.0,0.0,0,,,2
2026-06-11T15:15:18.924,0.0,0.0,0,,,2
2026-06-11T15:15:19.039,0.0,0.0,0,,,2
2026-06-11T15:15:19.148,0.0,0.0,0,,,2
2026-06-11T15:15:19.268,0.0,0.0,0,,,2
2026-06-11T15:15:19.396,0.0,0.0,0,,,2
2026-06-11T15:15:19.526,0.0,0.0,0,,,2
2026-06-11T15:15:19.654,0.0,0.0,0,,,2
2026-06-11T15:15:19.760,0.0,0.0,0,,,2
2026-06-11T15:15:19.874,0.0,0.0,0,,,2
2026-06-11T15:15:19.983,0.0,0.0,0,,,2
2026-06-11T15:15:20.089,0.0,0.0,0,,,2
2026-06-11T15:15:20.217,0.0,0.0,0,,,2
2026-06-11T15:15:20.344,0.0,0.0,0,,,2
2026-06-11T15:15:20.460,0.0,0.0,0,,,2
2026-06-11T15:15:20.587,0.0,0.0,0,,,2
2026-06-11T15:15:20.692,0.0,0.0,0,,,2
2026-06-11T15:15:20.797,0.0,0.0,0,,,2
2026-06-11T15:15:20.911,0.0,0.0,0,,,2
2026-06-11T15:15:21.023,0.0,0.0,0,,,2
2026-06-11T15:15:21.134,0.0,0.0,0,,,2
2026-06-11T15:15:21.265,0.0,0.0,0,,,2
2026-06-11T15:15:21.377,0.0,0.0,0,,,2
2026-06-11T15:15:21.491,0.0,0.0,0,,,2
2026-06-11T15:15:21.604,0.0,0.0,0,,,2
2026-06-11T15:15:21.715,0.0,0.0,0,,,2
2026-06-11T15:15:21.830,0.0,0.0,0,,,2
2026-06-11T15:15:21.937,0.0,0.0,0,,,2
2026-06-11T15:15:22.050,0.0,0.0,0,,,2
2026-06-11T15:15:22.161,0.0,0.0,0,,,2
2026-06-11T15:15:22.273,0.0,0.0,0,,,2
2026-06-11T15:15:22.391,0.0,0.0,0,,,2
2026-06-11T15:15:22.501,0.0,0.0,0,,,2
2026-06-11T15:15:22.624,0.0,0.0,0,,,2
2026-06-11T15:15:22.744,0.0,0.0,0,,,2
2026-06-11T15:15:22.850,0.0,0.0,0,,,2
2026-06-11T15:15:22.969,0.0,0.0,0,,,2
2026-06-11T15:15:23.092,0.0,0.0,0,,,2
2026-06-11T15:15:23.197,0.0,0.0,0,,,2
2026-06-11T15:15:23.320,0.0,0.0,0,,,2
2026-06-11T15:15:23.430,0.0,0.0,0,,,2
2026-06-11T15:15:23.554,0.0,0.0,0,,,2
2026-06-11T15:15:23.684,0.0,0.0,0,,,2
2026-06-11T15:15:23.794,0.0,0.0,0,,,2
2026-06-11T15:15:23.902,0.0,0.0,0,,,2
2026-06-11T15:15:24.022,0.0,0.0,0,,,2
2026-06-11T15:15:24.136,0.0,0.0,0,,,2
2026-06-11T15:15:24.266,0.0,0.0,0,,,2
2026-06-11T15:15:24.374,0.0,0.0,0,,,2
2026-06-11T15:15:24.484,0.0,0.0,0,,,2
2026-06-11T15:15:24.597,0.0,0.0,0,,,2
2026-06-11T15:15:24.716,0.0,0.0,0,,,2
2026-06-11T15:15:24.844,0.0,0.0,0,,,2
2026-06-11T15:15:24.954,0.0,0.0,0,,,2
2026-06-11T15:15:25.066,0.0,0.0,0,,,2
2026-06-11T15:15:25.173,0.0,0.0,0,,,2
2026-06-11T15:15:25.297,0.0,0.0,0,,,2
2026-06-11T15:15:25.411,0.0,0.0,0,,,2
2026-06-11T15:15:25.516,0.0,0.0,0,,,2
2026-06-11T15:15:25.620,0.0,0.0,0,,,2
2026-06-11T15:15:25.737,0.0,0.0,0,,,2
2026-06-11T15:15:25.865,0.0,0.0,0,,,2
2026-06-11T15:15:25.975,0.0,0.0,0,,,2
2026-06-11T15:15:26.098,0.0,0.0,0,,,2
2026-06-11T15:15:26.205,0.0,0.0,0,,,2
2026-06-11T15:15:26.321,0.0,0.0,0,,,2
2026-06-11T15:15:26.434,0.0,0.0,0,,,2
2026-06-11T15:15:26.544,0.0,0.0,0,,,2
2026-06-11T15:15:26.656,0.0,0.0,0,,,2
2026-06-11T15:15:26.766,0.0,0.0,0,,,2
2026-06-11T15:15:26.887,0.0,0.0,0,,,2
2026-06-11T15:15:27.019,0.0,0.0,0,,,2
2026-06-11T15:15:27.139,0.0,0.0,0,,,2
2026-06-11T15:15:27.255,0.0,0.0,0,,,2
2026-06-11T15:15:27.362,0.0,0.0,0,,,2
2026-06-11T15:15:27.494,0.0,0.0,0,,,2
2026-06-11T15:15:27.628,0.0,0.0,0,,,2
2026-06-11T15:15:27.733,0.0,0.0,0,,,2
2026-06-11T15:15:27.853,0.0,0.0,0,,,2
2026-06-11T15:15:27.962,0.0,0.0,0,,,2
2026-06-11T15:15:28.074,0.0,0.0,0,,,2
2026-06-11T15:15:28.188,0.0,0.0,0,,,2
2026-06-11T15:15:28.301,0.0,0.0,0,,,2
2026-06-11T15:15:28.411,0.0,0.0,0,,,2
2026-06-11T15:15:28.526,0.0,0.0,0,,,2
2026-06-11T15:15:28.654,0.0,0.0,0,,,2
2026-06-11T15:15:28.768,0.0,0.0,0,,,2
2026-06-11T15:15:28.877,0.0,0.0,0,,,2
2026-06-11T15:15:28.994,0.0,0.0,0,,,2
2026-06-11T15:15:29.100,0.0,0.0,0,,,2
2026-06-11T15:15:29.244,0.0,0.0,0,,,2
2026-06-11T15:15:29.355,0.0,0.0,0,,,2
2026-06-11T15:15:29.466,0.0,0.0,0,,,2
2026-06-11T15:15:29.575,0.0,0.0,0,,,2
2026-06-11T15:15:29.687,0.0,0.0,0,,,2
2026-06-11T15:15:29.814,0.0,0.0,0,,,2
2026-06-11T15:15:29.921,0.0,0.0,0,,,2
2026-06-11T15:15:30.037,0.0,0.0,0,,,2
2026-06-11T15:15:30.148,0.0,0.0,0,,,2
2026-06-11T15:15:30.256,0.0,0.0,0,,,2
2026-06-11T15:15:30.366,0.0,0.0,0,,,2
2026-06-11T15:15:30.478,0.0,0.0,0,,,2
2026-06-11T15:15:30.587,0.0,0.0,0,,,2
2026-06-11T15:15:30.699,0.0,0.0,0,,,2
2026-06-11T15:15:30.806,0.0,0.0,0,,,2
2026-06-11T15:15:30.920,0.0,0.0,0,,,2
2026-06-11T15:15:31.034,0.0,0.0,0,,,2
2026-06-11T15:15:31.151,0.0,0.0,0,,,2
2026-06-11T15:15:31.264,0.0,0.0,0,,,2
2026-06-11T15:15:31.383,0.0,0.0,0,,,2
2026-06-11T15:15:31.493,0.0,0.0,0,,,2
2026-06-11T15:15:31.605,0.0,0.0,0,,,2
2026-06-11T15:15:31.715,0.0,0.0,0,,,2
2026-06-11T15:15:31.831,0.0,0.0,0,,,2
2026-06-11T15:15:31.941,0.0,0.0,0,,,2
2026-06-11T15:15:32.057,0.0,0.0,0,,,2
2026-06-11T15:15:32.164,0.0,0.0,0,,,2
2026-06-11T15:15:32.277,0.0,0.0,0,,,2
2026-06-11T15:15:32.391,0.0,0.0,0,,,2
2026-06-11T15:15:32.516,0.0,0.0,0,,,2
2026-06-11T15:15:32.634,0.0,0.0,0,,,2
2026-06-11T15:15:32.737,0.0,0.0,0,,,2
2026-06-11T15:15:32.839,0.0,0.0,0,,,2
2026-06-11T15:15:32.942,0.0,0.0,0,,,2
2026-06-11T15:15:33.045,0.0,0.0,0,,,2
2026-06-11T15:15:33.150,0.0,0.0,0,,,2
2026-06-11T15:15:33.253,0.0,0.0,0,,,2
2026-06-11T15:15:33.357,0.0,0.0,0,,,2
2026-06-11T15:15:33.463,0.0,0.0,0,,,2
2026-06-11T15:15:33.567,0.0,0.0,0,,,2
2026-06-11T15:15:33.672,0.0,0.0,0,,,2
2026-06-11T15:15:33.775,0.0,0.0,0,,,2
2026-06-11T15:15:33.879,0.0,0.0,0,,,2
2026-06-11T15:15:33.983,0.0,0.0,0,,,2
2026-06-11T15:15:34.087,0.0,0.0,0,,,2
2026-06-11T15:15:34.192,0.0,0.0,0,,,2
2026-06-11T15:15:34.296,0.0,0.0,0,,,2
2026-06-11T15:15:34.398,0.0,0.0,0,,,2
2026-06-11T15:15:34.505,0.0,0.0,0,,,2
2026-06-11T15:15:34.609,0.0,0.0,0,,,2
2026-06-11T15:15:34.713,0.0,0.0,0,,,2
2026-06-11T15:15:34.817,0.0,0.0,0,,,2
2026-06-11T15:15:34.921,0.0,0.0,0,,,2
2026-06-11T15:15:35.026,0.0,0.0,0,,,2
2026-06-11T15:15:35.130,0.0,0.0,0,,,2
2026-06-11T15:15:35.233,0.0,0.0,0,,,2
2026-06-11T15:15:35.337,0.0,0.0,0,,,2
2026-06-11T15:15:35.441,0.0,0.0,0,,,2
2026-06-11T15:15:35.546,0.0,0.0,0,,,2
2026-06-11T15:15:35.650,0.0,0.0,0,,,2
2026-06-11T15:15:35.755,0.0,0.0,0,,,2
2026-06-11T15:15:35.860,0.0,0.0,0,,,2
2026-06-11T15:15:35.963,0.0,0.0,0,,,2
2026-06-11T15:15:36.068,0.0,0.0,0,,,2
2026-06-11T15:15:36.172,0.0,0.0,0,,,2
2026-06-11T15:15:36.277,0.0,0.0,0,,,2
2026-06-11T15:15:36.380,0.0,0.0,0,,,2
2026-06-11T15:15:36.486,0.0,0.0,0,,,2
2026-06-11T15:15:36.589,0.0,0.0,0,,,2
2026-06-11T15:15:36.693,0.0,0.0,0,,,2
2026-06-11T15:15:36.796,0.0,0.0,0,,,2
2026-06-11T15:15:36.900,0.0,0.0,0,,,2
